query_id,dataset,server,tool,scenario_id,origin,anchor,positive_schema
ms-0000,ms,asana,asana/getcustomfield,ms:asana/getcustomfield:s00,llm_claude_eval,"Show me how that custom field is defined, including its type and settings.","{""description"": ""Get a custom field. Get the complete definition of a custom field\u2019s metadata. Since custom fields can be defined for one of a number of types, and these types have different data and behaviors, there are fields that are relevant to a particular type. For instance, as noted above, enum_options is only relevant for the enum type and defines the set of choices that the enum could represent. The examp"", ""inputSchema"": {""properties"": {}, ""required"": [], ""type"": ""object""}, ""name"": ""getcustomfield""}"
ms-0001,ms,asana,asana/getcustomfield,ms:asana/getcustomfield:s01,llm_claude_eval,What are the metadata details of the priority custom field?,"{""description"": ""Get a custom field. Get the complete definition of a custom field\u2019s metadata. Since custom fields can be defined for one of a number of types, and these types have different data and behaviors, there are fields that are relevant to a particular type. For instance, as noted above, enum_options is only relevant for the enum type and defines the set of choices that the enum could represent. The examp"", ""inputSchema"": {""properties"": {}, ""required"": [], ""type"": ""object""}, ""name"": ""getcustomfield""}"
ms-0002,ms,asana,asana/getcustomfield,ms:asana/getcustomfield:s02,llm_claude_eval,I need the full definition of the custom field we use for sprint tracking.,"{""description"": ""Get a custom field. Get the complete definition of a custom field\u2019s metadata. Since custom fields can be defined for one of a number of types, and these types have different data and behaviors, there are fields that are relevant to a particular type. For instance, as noted above, enum_options is only relevant for the enum type and defines the set of choices that the enum could represent. The examp"", ""inputSchema"": {""properties"": {}, ""required"": [], ""type"": ""object""}, ""name"": ""getcustomfield""}"
ms-0003,ms,asana,asana/creategoal,ms:asana/creategoal:s00,llm_claude_eval,Set up a new quarterly objective for the marketing team workspace.,"{""description"": ""Create a goal. Creates a new goal in a workspace or team. Returns the full record of the newly created goal."", ""inputSchema"": {""properties"": {""data"": {""description"": ""The data field"", ""type"": ""string""}}, ""required"": [], ""type"": ""object""}, ""name"": ""creategoal""}"
ms-0004,ms,asana,asana/creategoal,ms:asana/creategoal:s01,llm_claude_eval,Can you add a goal called 'Reduce churn by 10%' to our team?,"{""description"": ""Create a goal. Creates a new goal in a workspace or team. Returns the full record of the newly created goal."", ""inputSchema"": {""properties"": {""data"": {""description"": ""The data field"", ""type"": ""string""}}, ""required"": [], ""type"": ""object""}, ""name"": ""creategoal""}"
ms-0005,ms,asana,asana/creategoal,ms:asana/creategoal:s02,llm_claude_eval,We agreed on a new target last planning meeting - please record it as a goal.,"{""description"": ""Create a goal. Creates a new goal in a workspace or team. Returns the full record of the newly created goal."", ""inputSchema"": {""properties"": {""data"": {""description"": ""The data field"", ""type"": ""string""}}, ""required"": [], ""type"": ""object""}, ""name"": ""creategoal""}"
ms-0006,ms,asana,asana/insertenumoptionforcustomfield,ms:asana/insertenumoptionforcustomfield:s00,llm_claude_eval,Move the 'Blocked' option above 'In Review' in that dropdown field.,"{""description"": ""Reorder a custom field's enum. Moves a particular enum option to be either before or after another specified enum option in the custom field. Locked custom fields can only be reordered by the user who locked the field."", ""inputSchema"": {""properties"": {""data"": {""description"": ""The data field"", ""type"": ""string""}}, ""required"": [], ""type"": ""object""}, ""name"": ""insertenumoptionforcustomfield""}"
ms-0007,ms,asana,asana/insertenumoptionforcustomfield,ms:asana/insertenumoptionforcustomfield:s01,llm_claude_eval,Can you reorder the choices of our status field so Critical comes first?,"{""description"": ""Reorder a custom field's enum. Moves a particular enum option to be either before or after another specified enum option in the custom field. Locked custom fields can only be reordered by the user who locked the field."", ""inputSchema"": {""properties"": {""data"": {""description"": ""The data field"", ""type"": ""string""}}, ""required"": [], ""type"": ""object""}, ""name"": ""insertenumoptionforcustomfield""}"
ms-0008,ms,asana,asana/insertenumoptionforcustomfield,ms:asana/insertenumoptionforcustomfield:s02,llm_claude_eval,The dropdown options are in the wrong order - put Low after Medium.,"{""description"": ""Reorder a custom field's enum. Moves a particular enum option to be either before or after another specified enum option in the custom field. Locked custom fields can only be reordered by the user who locked the field."", ""inputSchema"": {""properties"": {""data"": {""description"": ""The data field"", ""type"": ""string""}}, ""required"": [], ""type"": ""object""}, ""name"": ""insertenumoptionforcustomfield""}"
ms-0009,ms,atlassian,atlassian/getallsystemavatars,ms:atlassian/getallsystemavatars:s00,llm_claude_eval,List the built-in avatars available for projects.,"{""description"": ""Get system avatars by type. Returns a list of system avatar details by owner type, where the owner types are issue type, project, or user. This operation can be accessed anonymously. **[Permissions](#permissions) required:** None."", ""inputSchema"": {""properties"": {""type"": {""description"": ""The avatar type."", ""type"": ""string""}}, ""required"": [""type""], ""type"": ""object""}, ""name"": ""getallsystemavatars""}"
ms-0010,ms,atlassian,atlassian/getallsystemavatars,ms:atlassian/getallsystemavatars:s01,llm_claude_eval,What default avatar images does Jira offer for issue types?,"{""description"": ""Get system avatars by type. Returns a list of system avatar details by owner type, where the owner types are issue type, project, or user. This operation can be accessed anonymously. **[Permissions](#permissions) required:** None."", ""inputSchema"": {""properties"": {""type"": {""description"": ""The avatar type."", ""type"": ""string""}}, ""required"": [""type""], ""type"": ""object""}, ""name"": ""getallsystemavatars""}"
ms-0011,ms,atlassian,atlassian/getallsystemavatars,ms:atlassian/getallsystemavatars:s02,llm_claude_eval,"Show every stock avatar we can assign, grouped by owner type.","{""description"": ""Get system avatars by type. Returns a list of system avatar details by owner type, where the owner types are issue type, project, or user. This operation can be accessed anonymously. **[Permissions](#permissions) required:** None."", ""inputSchema"": {""properties"": {""type"": {""description"": ""The avatar type."", ""type"": ""string""}}, ""required"": [""type""], ""type"": ""object""}, ""name"": ""getallsystemavatars""}"
ms-0012,ms,atlassian,atlassian/getapplicationrole,ms:atlassian/getapplicationrole:s00,llm_claude_eval,Show the details of the jira-software application role.,"{""description"": ""Get application role. Returns an application role. **[Permissions](#permissions) required:** *Administer Jira* [global permission](https://confluence.atlassian.com/x/x4dKLg)."", ""inputSchema"": {""properties"": {""key"": {""description"": ""The key of the application role. Use the [Get all application roles](#api-rest-api-3-applicationrole-get) operation to get the key for each application role."", ""type"": ""string""}}, ""required"": [""key""], ""type"": ""object""}, ""name"": ""getapplicationrole""}"
ms-0013,ms,atlassian,atlassian/getapplicationrole,ms:atlassian/getapplicationrole:s01,llm_claude_eval,What does the application role with key jira-core contain?,"{""description"": ""Get application role. Returns an application role. **[Permissions](#permissions) required:** *Administer Jira* [global permission](https://confluence.atlassian.com/x/x4dKLg)."", ""inputSchema"": {""properties"": {""key"": {""description"": ""The key of the application role. Use the [Get all application roles](#api-rest-api-3-applicationrole-get) operation to get the key for each application role."", ""type"": ""string""}}, ""required"": [""key""], ""type"": ""object""}, ""name"": ""getapplicationrole""}"
ms-0014,ms,atlassian,atlassian/getapplicationrole,ms:atlassian/getapplicationrole:s02,llm_claude_eval,I want to inspect one specific application access role on our Jira site.,"{""description"": ""Get application role. Returns an application role. **[Permissions](#permissions) required:** *Administer Jira* [global permission](https://confluence.atlassian.com/x/x4dKLg)."", ""inputSchema"": {""properties"": {""key"": {""description"": ""The key of the application role. Use the [Get all application roles](#api-rest-api-3-applicationrole-get) operation to get the key for each application role."", ""type"": ""string""}}, ""required"": [""key""], ""type"": ""object""}, ""name"": ""getapplicationrole""}"
ms-0015,ms,atlassian,atlassian/getallapplicationroles,ms:atlassian/getallapplicationroles:s00,llm_claude_eval,List every application access role configured on this Jira instance.,"{""description"": ""Get all application roles. Returns all application roles. In Jira, application roles are managed using the [Application access configuration](https://confluence.atlassian.com/x/3YxjL) page. **[Permissions](#permissions) required:** *Administer Jira* [global permission](https://confluence.atlassian.com/x/x4dKLg)."", ""inputSchema"": {""properties"": {}, ""required"": [], ""type"": ""object""}, ""name"": ""getallapplicationroles""}"
ms-0016,ms,atlassian,atlassian/getallapplicationroles,ms:atlassian/getallapplicationroles:s01,llm_claude_eval,Which application roles exist and which groups are assigned to them?,"{""description"": ""Get all application roles. Returns all application roles. In Jira, application roles are managed using the [Application access configuration](https://confluence.atlassian.com/x/3YxjL) page. **[Permissions](#permissions) required:** *Administer Jira* [global permission](https://confluence.atlassian.com/x/x4dKLg)."", ""inputSchema"": {""properties"": {}, ""required"": [], ""type"": ""object""}, ""name"": ""getallapplicationroles""}"
ms-0017,ms,atlassian,atlassian/getallapplicationroles,ms:atlassian/getallapplicationroles:s02,llm_claude_eval,Give me an overview of all product access roles in Jira.,"{""description"": ""Get all application roles. Returns all application roles. In Jira, application roles are managed using the [Application access configuration](https://confluence.atlassian.com/x/3YxjL) page. **[Permissions](#permissions) required:** *Administer Jira* [global permission](https://confluence.atlassian.com/x/x4dKLg)."", ""inputSchema"": {""properties"": {}, ""required"": [], ""type"": ""object""}, ""name"": ""getallapplicationroles""}"
ms-0018,ms,box,box/put_comments_id,ms:box/put_comments_id:s00,llm_claude_eval,Change the text of my comment on that contract file.,"{""description"": ""Update comment. Update the message of a comment."", ""inputSchema"": {""properties"": {""comment_id"": {""description"": ""The ID of the comment."", ""type"": ""string""}, ""fields"": {""description"": ""A comma-separated list of attributes to include in the response. This can be used to request fields that are not normally returned in a standard response. Be aware that specifying this parameter will have the effect that none of the standard fields are returned in the response unless explicitly specified, instead only fields for the mini representation are returned, additional to the fields reques"", ""type"": ""array""}, ""message"": {""description"": ""The text of the comment to update"", ""type"": ""string""}}, ""required"": [""comment_id""], ""type"": ""object""}, ""name"": ""put_comments_id""}"
ms-0019,ms,box,box/put_comments_id,ms:box/put_comments_id:s01,llm_claude_eval,Edit the comment I left yesterday so it says 'final version approved'.,"{""description"": ""Update comment. Update the message of a comment."", ""inputSchema"": {""properties"": {""comment_id"": {""description"": ""The ID of the comment."", ""type"": ""string""}, ""fields"": {""description"": ""A comma-separated list of attributes to include in the response. This can be used to request fields that are not normally returned in a standard response. Be aware that specifying this parameter will have the effect that none of the standard fields are returned in the response unless explicitly specified, instead only fields for the mini representation are returned, additional to the fields reques"", ""type"": ""array""}, ""message"": {""description"": ""The text of the comment to update"", ""type"": ""string""}}, ""required"": [""comment_id""], ""type"": ""object""}, ""name"": ""put_comments_id""}"
ms-0020,ms,box,box/put_comments_id,ms:box/put_comments_id:s02,llm_claude_eval,Fix the typo in comment 88123 on the shared document.,"{""description"": ""Update comment. Update the message of a comment."", ""inputSchema"": {""properties"": {""comment_id"": {""description"": ""The ID of the comment."", ""type"": ""string""}, ""fields"": {""description"": ""A comma-separated list of attributes to include in the response. This can be used to request fields that are not normally returned in a standard response. Be aware that specifying this parameter will have the effect that none of the standard fields are returned in the response unless explicitly specified, instead only fields for the mini representation are returned, additional to the fields reques"", ""type"": ""array""}, ""message"": {""description"": ""The text of the comment to update"", ""type"": ""string""}}, ""required"": [""comment_id""], ""type"": ""object""}, ""name"": ""put_comments_id""}"
ms-0021,ms,box,box/delete_collaborations_id,ms:box/delete_collaborations_id:s00,llm_claude_eval,Remove the external partner's access to the shared folder.,"{""description"": ""Remove collaboration. Deletes a single collaboration."", ""inputSchema"": {""properties"": {""collaboration_id"": {""description"": ""The ID of the collaboration"", ""type"": ""string""}}, ""required"": [""collaboration_id""], ""type"": ""object""}, ""name"": ""delete_collaborations_id""}"
ms-0022,ms,box,box/delete_collaborations_id,ms:box/delete_collaborations_id:s01,llm_claude_eval,Revoke that collaboration we set up for the contractor.,"{""description"": ""Remove collaboration. Deletes a single collaboration."", ""inputSchema"": {""properties"": {""collaboration_id"": {""description"": ""The ID of the collaboration"", ""type"": ""string""}}, ""required"": [""collaboration_id""], ""type"": ""object""}, ""name"": ""delete_collaborations_id""}"
ms-0023,ms,box,box/delete_collaborations_id,ms:box/delete_collaborations_id:s02,llm_claude_eval,Take away the agency's shared access - the engagement ended.,"{""description"": ""Remove collaboration. Deletes a single collaboration."", ""inputSchema"": {""properties"": {""collaboration_id"": {""description"": ""The ID of the collaboration"", ""type"": ""string""}}, ""required"": [""collaboration_id""], ""type"": ""object""}, ""name"": ""delete_collaborations_id""}"
ms-0024,ms,box,box/get_collaboration_whitelist_entries_id,ms:box/get_collaboration_whitelist_entries_id:s00,llm_claude_eval,Show the details of that approved collaboration domain entry.,"{""description"": ""Get allowed collaboration domain. Returns a domain that has been deemed safe to create collaborations for within the current enterprise."", ""inputSchema"": {""properties"": {""collaboration_whitelist_entry_id"": {""description"": ""The ID of the entry in the list."", ""type"": ""string""}}, ""required"": [""collaboration_whitelist_entry_id""], ""type"": ""object""}, ""name"": ""get_collaboration_whitelist_entries_id""}"
ms-0025,ms,box,box/get_collaboration_whitelist_entries_id,ms:box/get_collaboration_whitelist_entries_id:s01,llm_claude_eval,Which domain does allow-list entry 4321 cover?,"{""description"": ""Get allowed collaboration domain. Returns a domain that has been deemed safe to create collaborations for within the current enterprise."", ""inputSchema"": {""properties"": {""collaboration_whitelist_entry_id"": {""description"": ""The ID of the entry in the list."", ""type"": ""string""}}, ""required"": [""collaboration_whitelist_entry_id""], ""type"": ""object""}, ""name"": ""get_collaboration_whitelist_entries_id""}"
ms-0026,ms,box,box/get_collaboration_whitelist_entries_id,ms:box/get_collaboration_whitelist_entries_id:s02,llm_claude_eval,Look up the safelisted external domain record by its id.,"{""description"": ""Get allowed collaboration domain. Returns a domain that has been deemed safe to create collaborations for within the current enterprise."", ""inputSchema"": {""properties"": {""collaboration_whitelist_entry_id"": {""description"": ""The ID of the entry in the list."", ""type"": ""string""}}, ""required"": [""collaboration_whitelist_entry_id""], ""type"": ""object""}, ""name"": ""get_collaboration_whitelist_entries_id""}"
ms-0027,ms,circleci,circleci/post_project_username_project_build_num_cancel,ms:circleci/post_project_username_project_build_num_cancel:s00,llm_claude_eval,"Stop build 1542 of the backend project, it's stuck.","{""description"": ""Cancels the build, returns a summary of the build."", ""inputSchema"": {""properties"": {}, ""required"": [], ""type"": ""object""}, ""name"": ""post_project_username_project_build_num_cancel""}"
ms-0028,ms,circleci,circleci/post_project_username_project_build_num_cancel,ms:circleci/post_project_username_project_build_num_cancel:s01,llm_claude_eval,Cancel the running CI build for our web app.,"{""description"": ""Cancels the build, returns a summary of the build."", ""inputSchema"": {""properties"": {}, ""required"": [], ""type"": ""object""}, ""name"": ""post_project_username_project_build_num_cancel""}"
ms-0029,ms,circleci,circleci/post_project_username_project_build_num_cancel,ms:circleci/post_project_username_project_build_num_cancel:s02,llm_claude_eval,That pipeline run is wasting credits - kill it.,"{""description"": ""Cancels the build, returns a summary of the build."", ""inputSchema"": {""properties"": {}, ""required"": [], ""type"": ""object""}, ""name"": ""post_project_username_project_build_num_cancel""}"
ms-0030,ms,circleci,circleci/post_project_username_project_ssh_key,ms:circleci/post_project_username_project_ssh_key:s00,llm_claude_eval,Add an SSH key so the build can reach our private artifact server.,"{""description"": ""Create an ssh key used to access external systems that require SSH key-based authentication"", ""inputSchema"": {""properties"": {""hostname"": {""description"": ""The hostname field"", ""type"": ""string""}, ""private_key"": {""description"": ""The private_key field"", ""type"": ""string""}}, ""required"": [], ""type"": ""object""}, ""name"": ""post_project_username_project_ssh_key""}"
ms-0031,ms,circleci,circleci/post_project_username_project_ssh_key,ms:circleci/post_project_username_project_ssh_key:s01,llm_claude_eval,The deploy step needs key-based access to the bastion - set that up for the project.,"{""description"": ""Create an ssh key used to access external systems that require SSH key-based authentication"", ""inputSchema"": {""properties"": {""hostname"": {""description"": ""The hostname field"", ""type"": ""string""}, ""private_key"": {""description"": ""The private_key field"", ""type"": ""string""}}, ""required"": [], ""type"": ""object""}, ""name"": ""post_project_username_project_ssh_key""}"
ms-0032,ms,circleci,circleci/post_project_username_project_ssh_key,ms:circleci/post_project_username_project_ssh_key:s02,llm_claude_eval,Register a new SSH identity for this repository's CI jobs.,"{""description"": ""Create an ssh key used to access external systems that require SSH key-based authentication"", ""inputSchema"": {""properties"": {""hostname"": {""description"": ""The hostname field"", ""type"": ""string""}, ""private_key"": {""description"": ""The private_key field"", ""type"": ""string""}}, ""required"": [], ""type"": ""object""}, ""name"": ""post_project_username_project_ssh_key""}"
ms-0033,ms,circleci,circleci/get_me,ms:circleci/get_me:s00,llm_claude_eval,Which account am I logged into CircleCI as?,"{""description"": ""Provides information about the signed in user."", ""inputSchema"": {""properties"": {}, ""required"": [], ""type"": ""object""}, ""name"": ""get_me""}"
ms-0034,ms,circleci,circleci/get_me,ms:circleci/get_me:s01,llm_claude_eval,Show my own CI user profile.,"{""description"": ""Provides information about the signed in user."", ""inputSchema"": {""properties"": {}, ""required"": [], ""type"": ""object""}, ""name"": ""get_me""}"
ms-0035,ms,circleci,circleci/get_me,ms:circleci/get_me:s02,llm_claude_eval,Who am I according to the CI service?,"{""description"": ""Provides information about the signed in user."", ""inputSchema"": {""properties"": {}, ""required"": [], ""type"": ""object""}, ""name"": ""get_me""}"
ms-0036,ms,digitalocean,digitalocean/oneclicks_list,ms:digitalocean/oneclicks_list:s00,llm_claude_eval,What one-click applications can I install on a droplet?,"{""description"": ""List 1-Click Applications. To list all available 1-Click applications, send a GET request to `/v2/1-clicks`. The `type` may be provided as query paramater in order to restrict results to a certain type of 1-Click, for example: `/v2/1-clicks?type=droplet`. Current supported types are `kubernetes` and `droplet`. The response will be a JSON object with a key called `1_clicks`. This will be set to an "", ""inputSchema"": {""properties"": {""type"": {""description"": ""Restrict results to a certain type of 1-Click."", ""type"": ""string""}}, ""required"": [], ""type"": ""object""}, ""name"": ""oneclicks_list""}"
ms-0037,ms,digitalocean,digitalocean/oneclicks_list,ms:digitalocean/oneclicks_list:s01,llm_claude_eval,List the ready-made app images available in the marketplace.,"{""description"": ""List 1-Click Applications. To list all available 1-Click applications, send a GET request to `/v2/1-clicks`. The `type` may be provided as query paramater in order to restrict results to a certain type of 1-Click, for example: `/v2/1-clicks?type=droplet`. Current supported types are `kubernetes` and `droplet`. The response will be a JSON object with a key called `1_clicks`. This will be set to an "", ""inputSchema"": {""properties"": {""type"": {""description"": ""Restrict results to a certain type of 1-Click."", ""type"": ""string""}}, ""required"": [], ""type"": ""object""}, ""name"": ""oneclicks_list""}"
ms-0038,ms,digitalocean,digitalocean/oneclicks_list,ms:digitalocean/oneclicks_list:s02,llm_claude_eval,"Show me every 1-click app option, including kubernetes ones.","{""description"": ""List 1-Click Applications. To list all available 1-Click applications, send a GET request to `/v2/1-clicks`. The `type` may be provided as query paramater in order to restrict results to a certain type of 1-Click, for example: `/v2/1-clicks?type=droplet`. Current supported types are `kubernetes` and `droplet`. The response will be a JSON object with a key called `1_clicks`. This will be set to an "", ""inputSchema"": {""properties"": {""type"": {""description"": ""Restrict results to a certain type of 1-Click."", ""type"": ""string""}}, ""required"": [], ""type"": ""object""}, ""name"": ""oneclicks_list""}"
ms-0039,ms,digitalocean,digitalocean/apps_list_regions,ms:digitalocean/apps_list_regions:s00,llm_claude_eval,Which regions can App Platform deploy to?,"{""description"": ""List App Regions. List all regions supported by App Platform."", ""inputSchema"": {""properties"": {}, ""required"": [], ""type"": ""object""}, ""name"": ""apps_list_regions""}"
ms-0040,ms,digitalocean,digitalocean/apps_list_regions,ms:digitalocean/apps_list_regions:s01,llm_claude_eval,Show the datacenter locations supported for app hosting.,"{""description"": ""List App Regions. List all regions supported by App Platform."", ""inputSchema"": {""properties"": {}, ""required"": [], ""type"": ""object""}, ""name"": ""apps_list_regions""}"
ms-0041,ms,digitalocean,digitalocean/apps_list_regions,ms:digitalocean/apps_list_regions:s02,llm_claude_eval,Where geographically can I run an app on this platform?,"{""description"": ""List App Regions. List all regions supported by App Platform."", ""inputSchema"": {""properties"": {}, ""required"": [], ""type"": ""object""}, ""name"": ""apps_list_regions""}"
ms-0042,ms,digitalocean,digitalocean/apps_get_deployment,ms:digitalocean/apps_get_deployment:s00,llm_claude_eval,Show the status of deployment 7f2a of the storefront app.,"{""description"": ""Retrieve an App Deployment. Retrieve information about an app deployment."", ""inputSchema"": {""properties"": {""deployment_id"": {""description"": ""The deployment ID"", ""type"": ""string""}}, ""required"": [""deployment_id""], ""type"": ""object""}, ""name"": ""apps_get_deployment""}"
ms-0043,ms,digitalocean,digitalocean/apps_get_deployment,ms:digitalocean/apps_get_deployment:s01,llm_claude_eval,"Get the details for that specific app deployment, including its phase.","{""description"": ""Retrieve an App Deployment. Retrieve information about an app deployment."", ""inputSchema"": {""properties"": {""deployment_id"": {""description"": ""The deployment ID"", ""type"": ""string""}}, ""required"": [""deployment_id""], ""type"": ""object""}, ""name"": ""apps_get_deployment""}"
ms-0044,ms,digitalocean,digitalocean/apps_get_deployment,ms:digitalocean/apps_get_deployment:s02,llm_claude_eval,What happened with the latest deployment of my app? Pull its record.,"{""description"": ""Retrieve an App Deployment. Retrieve information about an app deployment."", ""inputSchema"": {""properties"": {""deployment_id"": {""description"": ""The deployment ID"", ""type"": ""string""}}, ""required"": [""deployment_id""], ""type"": ""object""}, ""name"": ""apps_get_deployment""}"
ms-0045,ms,docusign,docusign/billingplan_getdowngraderequestbillinginfo,ms:docusign/billingplan_getdowngraderequestbillinginfo:s00,llm_claude_eval,What would downgrading our e-signature plan look like billing-wise?,"{""description"": ""Returns downgrade plan information for the specified account."", ""inputSchema"": {""properties"": {""accountId"": {""description"": ""The external account number (int) or account ID GUID."", ""type"": ""string""}}, ""required"": [""accountId""], ""type"": ""object""}, ""name"": ""billingplan_getdowngraderequestbillinginfo""}"
ms-0046,ms,docusign,docusign/billingplan_getdowngraderequestbillinginfo,ms:docusign/billingplan_getdowngraderequestbillinginfo:s01,llm_claude_eval,Show the billing details for the pending plan downgrade on this account.,"{""description"": ""Returns downgrade plan information for the specified account."", ""inputSchema"": {""properties"": {""accountId"": {""description"": ""The external account number (int) or account ID GUID."", ""type"": ""string""}}, ""required"": [""accountId""], ""type"": ""object""}, ""name"": ""billingplan_getdowngraderequestbillinginfo""}"
ms-0047,ms,docusign,docusign/billingplan_getdowngraderequestbillinginfo,ms:docusign/billingplan_getdowngraderequestbillinginfo:s02,llm_claude_eval,We asked to move to a cheaper plan - retrieve the downgrade information.,"{""description"": ""Returns downgrade plan information for the specified account."", ""inputSchema"": {""properties"": {""accountId"": {""description"": ""The external account number (int) or account ID GUID."", ""type"": ""string""}}, ""required"": [""accountId""], ""type"": ""object""}, ""name"": ""billingplan_getdowngraderequestbillinginfo""}"
ms-0048,ms,docusign,docusign/serviceinformation_getresourceinformation,ms:docusign/serviceinformation_getresourceinformation:s00,llm_claude_eval,List the base endpoints this e-signature API version exposes.,"{""description"": ""Lists resources for REST version specified. Retrieves the base resources available for the eSignature REST API. You do not need an integrator key to view the REST API versions and resources."", ""inputSchema"": {""properties"": {}, ""required"": [], ""type"": ""object""}, ""name"": ""serviceinformation_getresourceinformation""}"
ms-0049,ms,docusign,docusign/serviceinformation_getresourceinformation,ms:docusign/serviceinformation_getresourceinformation:s01,llm_claude_eval,What top-level resources are available in the REST service?,"{""description"": ""Lists resources for REST version specified. Retrieves the base resources available for the eSignature REST API. You do not need an integrator key to view the REST API versions and resources."", ""inputSchema"": {""properties"": {}, ""required"": [], ""type"": ""object""}, ""name"": ""serviceinformation_getresourceinformation""}"
ms-0050,ms,docusign,docusign/serviceinformation_getresourceinformation,ms:docusign/serviceinformation_getresourceinformation:s02,llm_claude_eval,Enumerate the API's root resources for the current version.,"{""description"": ""Lists resources for REST version specified. Retrieves the base resources available for the eSignature REST API. You do not need an integrator key to view the REST API versions and resources."", ""inputSchema"": {""properties"": {}, ""required"": [], ""type"": ""object""}, ""name"": ""serviceinformation_getresourceinformation""}"
ms-0051,ms,docusign,docusign/brands_deletebrands,ms:docusign/brands_deletebrands:s00,llm_claude_eval,Remove the old company branding profiles from the account.,"{""description"": ""Deletes one or more brand profiles.. This method deletes one or more brand profiles from an account, based on the brand IDs that you include in the `brandsRequest`. Either or both of the following settings must be enabled for the account to use this method: - `canSelfBrandSign` - `canSelfBrandSend` ### Related topics - [How to create a brand](/docs/esign-rest-api/how-to/create-brand/)"", ""inputSchema"": {""properties"": {""accountId"": {""description"": ""The external account number (int) or account ID GUID."", ""type"": ""string""}}, ""required"": [""accountId""], ""type"": ""object""}, ""name"": ""brands_deletebrands""}"
ms-0052,ms,docusign,docusign/brands_deletebrands,ms:docusign/brands_deletebrands:s01,llm_claude_eval,Delete the two outdated signing brands we no longer use.,"{""description"": ""Deletes one or more brand profiles.. This method deletes one or more brand profiles from an account, based on the brand IDs that you include in the `brandsRequest`. Either or both of the following settings must be enabled for the account to use this method: - `canSelfBrandSign` - `canSelfBrandSend` ### Related topics - [How to create a brand](/docs/esign-rest-api/how-to/create-brand/)"", ""inputSchema"": {""properties"": {""accountId"": {""description"": ""The external account number (int) or account ID GUID."", ""type"": ""string""}}, ""required"": [""accountId""], ""type"": ""object""}, ""name"": ""brands_deletebrands""}"
ms-0053,ms,docusign,docusign/brands_deletebrands,ms:docusign/brands_deletebrands:s02,llm_claude_eval,Clean up the unused brand themes from our e-signature settings.,"{""description"": ""Deletes one or more brand profiles.. This method deletes one or more brand profiles from an account, based on the brand IDs that you include in the `brandsRequest`. Either or both of the following settings must be enabled for the account to use this method: - `canSelfBrandSign` - `canSelfBrandSend` ### Related topics - [How to create a brand](/docs/esign-rest-api/how-to/create-brand/)"", ""inputSchema"": {""properties"": {""accountId"": {""description"": ""The external account number (int) or account ID GUID."", ""type"": ""string""}}, ""required"": [""accountId""], ""type"": ""object""}, ""name"": ""brands_deletebrands""}"
ms-0054,ms,launchdarkly,launchdarkly/getroot,ms:launchdarkly/getroot:s00,llm_claude_eval,What resource categories does the feature flag API expose at its root?,"{""description"": ""You can issue a GET request to the root resource to find all of the resource categories supported by the API."", ""inputSchema"": {""properties"": {}, ""required"": [], ""type"": ""object""}, ""name"": ""getroot""}"
ms-0055,ms,launchdarkly,launchdarkly/getroot,ms:launchdarkly/getroot:s01,llm_claude_eval,Show the top-level resources I can navigate to in LaunchDarkly.,"{""description"": ""You can issue a GET request to the root resource to find all of the resource categories supported by the API."", ""inputSchema"": {""properties"": {}, ""required"": [], ""type"": ""object""}, ""name"": ""getroot""}"
ms-0056,ms,launchdarkly,launchdarkly/getroot,ms:launchdarkly/getroot:s02,llm_claude_eval,Hit the API root and tell me which collections exist.,"{""description"": ""You can issue a GET request to the root resource to find all of the resource categories supported by the API."", ""inputSchema"": {""properties"": {}, ""required"": [], ""type"": ""object""}, ""name"": ""getroot""}"
ms-0057,ms,launchdarkly,launchdarkly/getauditlogentries,ms:launchdarkly/getauditlogentries:s00,llm_claude_eval,Who changed flag settings last week? Pull the audit trail.,"{""description"": ""Get a list of all audit log entries. The query parameters allow you to restrict the returned results by date ranges, resource specifiers, or a full-text search query."", ""inputSchema"": {""properties"": {}, ""required"": [], ""type"": ""object""}, ""name"": ""getauditlogentries""}"
ms-0058,ms,launchdarkly,launchdarkly/getauditlogentries,ms:launchdarkly/getauditlogentries:s01,llm_claude_eval,Show the audit log entries between Monday and Friday.,"{""description"": ""Get a list of all audit log entries. The query parameters allow you to restrict the returned results by date ranges, resource specifiers, or a full-text search query."", ""inputSchema"": {""properties"": {}, ""required"": [], ""type"": ""object""}, ""name"": ""getauditlogentries""}"
ms-0059,ms,launchdarkly,launchdarkly/getauditlogentries,ms:launchdarkly/getauditlogentries:s02,llm_claude_eval,I need the change history records filtered by date for compliance.,"{""description"": ""Get a list of all audit log entries. The query parameters allow you to restrict the returned results by date ranges, resource specifiers, or a full-text search query."", ""inputSchema"": {""properties"": {}, ""required"": [], ""type"": ""object""}, ""name"": ""getauditlogentries""}"
ms-0060,ms,launchdarkly,launchdarkly/getfeatureflag,ms:launchdarkly/getfeatureflag:s00,llm_claude_eval,Show the configuration of the dark-mode feature flag.,"{""description"": ""Get a single feature flag by key."", ""inputSchema"": {""properties"": {}, ""required"": [], ""type"": ""object""}, ""name"": ""getfeatureflag""}"
ms-0061,ms,launchdarkly,launchdarkly/getfeatureflag,ms:launchdarkly/getfeatureflag:s01,llm_claude_eval,What's the current state of the flag with key checkout-redesign?,"{""description"": ""Get a single feature flag by key."", ""inputSchema"": {""properties"": {}, ""required"": [], ""type"": ""object""}, ""name"": ""getfeatureflag""}"
ms-0062,ms,launchdarkly,launchdarkly/getfeatureflag,ms:launchdarkly/getfeatureflag:s02,llm_claude_eval,Pull up that one feature toggle so I can check its targeting rules.,"{""description"": ""Get a single feature flag by key."", ""inputSchema"": {""properties"": {}, ""required"": [], ""type"": ""object""}, ""name"": ""getfeatureflag""}"
ms-0063,ms,linode,linode/getclientthumbnail,ms:linode/getclientthumbnail:s00,llm_claude_eval,Fetch the logo image for my OAuth client.,"{""description"": ""OAuth Client Thumbnail View. Returns the thumbnail for this OAuth Client. This is a publicly-viewable endpoint, and can be accessed without authentication."", ""inputSchema"": {""properties"": {""clientId"": {""description"": ""The OAuth Client ID to look up."", ""type"": ""string""}}, ""required"": [""clientId""], ""type"": ""object""}, ""name"": ""getclientthumbnail""}"
ms-0064,ms,linode,linode/getclientthumbnail,ms:linode/getclientthumbnail:s01,llm_claude_eval,Show the thumbnail associated with that OAuth application.,"{""description"": ""OAuth Client Thumbnail View. Returns the thumbnail for this OAuth Client. This is a publicly-viewable endpoint, and can be accessed without authentication."", ""inputSchema"": {""properties"": {""clientId"": {""description"": ""The OAuth Client ID to look up."", ""type"": ""string""}}, ""required"": [""clientId""], ""type"": ""object""}, ""name"": ""getclientthumbnail""}"
ms-0065,ms,linode,linode/getclientthumbnail,ms:linode/getclientthumbnail:s02,llm_claude_eval,Get the small icon registered for client 1234.,"{""description"": ""OAuth Client Thumbnail View. Returns the thumbnail for this OAuth Client. This is a publicly-viewable endpoint, and can be accessed without authentication."", ""inputSchema"": {""properties"": {""clientId"": {""description"": ""The OAuth Client ID to look up."", ""type"": ""string""}}, ""required"": [""clientId""], ""type"": ""object""}, ""name"": ""getclientthumbnail""}"
ms-0066,ms,linode,linode/resetclientsecret,ms:linode/resetclientsecret:s00,llm_claude_eval,The OAuth secret leaked - rotate it for my client now.,"{""description"": ""OAuth Client Secret Reset. Resets the OAuth Client secret for a client you own, and returns the OAuth Client with the plaintext secret. This secret is not supposed to be publicly known or disclosed anywhere. This can be used to generate a new secret in case the one you have has been leaked, or to get a new secret if you lost the original. The old secret is expired immediately, and logins to your c"", ""inputSchema"": {""properties"": {""clientId"": {""description"": ""The OAuth Client ID to look up."", ""type"": ""string""}}, ""required"": [""clientId""], ""type"": ""object""}, ""name"": ""resetclientsecret""}"
ms-0067,ms,linode,linode/resetclientsecret,ms:linode/resetclientsecret:s01,llm_claude_eval,Generate a fresh secret for the OAuth app I own.,"{""description"": ""OAuth Client Secret Reset. Resets the OAuth Client secret for a client you own, and returns the OAuth Client with the plaintext secret. This secret is not supposed to be publicly known or disclosed anywhere. This can be used to generate a new secret in case the one you have has been leaked, or to get a new secret if you lost the original. The old secret is expired immediately, and logins to your c"", ""inputSchema"": {""properties"": {""clientId"": {""description"": ""The OAuth Client ID to look up."", ""type"": ""string""}}, ""required"": [""clientId""], ""type"": ""object""}, ""name"": ""resetclientsecret""}"
ms-0068,ms,linode,linode/resetclientsecret,ms:linode/resetclientsecret:s02,llm_claude_eval,Invalidate and replace the client secret for our integration.,"{""description"": ""OAuth Client Secret Reset. Resets the OAuth Client secret for a client you own, and returns the OAuth Client with the plaintext secret. This secret is not supposed to be publicly known or disclosed anywhere. This can be used to generate a new secret in case the one you have has been leaked, or to get a new secret if you lost the original. The old secret is expired immediately, and logins to your c"", ""inputSchema"": {""properties"": {""clientId"": {""description"": ""The OAuth Client ID to look up."", ""type"": ""string""}}, ""required"": [""clientId""], ""type"": ""object""}, ""name"": ""resetclientsecret""}"
ms-0069,ms,linode,linode/eventseen,ms:linode/eventseen:s00,llm_claude_eval,Mark all my notifications up to event 999 as read.,"{""description"": ""Event Mark as Seen. Marks all Events up to and including this Event by ID as seen."", ""inputSchema"": {""properties"": {""eventId"": {""description"": ""The ID of the Event to designate as seen."", ""type"": ""integer""}}, ""required"": [""eventId""], ""type"": ""object""}, ""name"": ""eventseen""}"
ms-0070,ms,linode,linode/eventseen,ms:linode/eventseen:s01,llm_claude_eval,Clear the unread state on events older than that one.,"{""description"": ""Event Mark as Seen. Marks all Events up to and including this Event by ID as seen."", ""inputSchema"": {""properties"": {""eventId"": {""description"": ""The ID of the Event to designate as seen."", ""type"": ""integer""}}, ""required"": [""eventId""], ""type"": ""object""}, ""name"": ""eventseen""}"
ms-0071,ms,linode,linode/eventseen,ms:linode/eventseen:s02,llm_claude_eval,Flag everything up to and including this event as seen.,"{""description"": ""Event Mark as Seen. Marks all Events up to and including this Event by ID as seen."", ""inputSchema"": {""properties"": {""eventId"": {""description"": ""The ID of the Event to designate as seen."", ""type"": ""integer""}}, ""required"": [""eventId""], ""type"": ""object""}, ""name"": ""eventseen""}"
ms-0072,ms,medium,medium/get_article_article_id_markdown,ms:medium/get_article_article_id_markdown:s00,llm_claude_eval,Give me the markdown source of that Medium story.,"{""description"": ""Get Article's Markdown. Returns the markdown of an article/story from Medium, for the corresponding `article_id`"", ""inputSchema"": {""properties"": {""article_id"": {""description"": ""It's a unique hash id assigned to every Medium Article."", ""type"": ""string""}}, ""required"": [""article_id""], ""type"": ""object""}, ""name"": ""get_article_article_id_markdown""}"
ms-0073,ms,medium,medium/get_article_article_id_markdown,ms:medium/get_article_article_id_markdown:s01,llm_claude_eval,Export the article as markdown so I can republish it.,"{""description"": ""Get Article's Markdown. Returns the markdown of an article/story from Medium, for the corresponding `article_id`"", ""inputSchema"": {""properties"": {""article_id"": {""description"": ""It's a unique hash id assigned to every Medium Article."", ""type"": ""string""}}, ""required"": [""article_id""], ""type"": ""object""}, ""name"": ""get_article_article_id_markdown""}"
ms-0074,ms,medium,medium/get_article_article_id_markdown,ms:medium/get_article_article_id_markdown:s02,llm_claude_eval,Fetch the raw markdown for post 3f9c on Medium.,"{""description"": ""Get Article's Markdown. Returns the markdown of an article/story from Medium, for the corresponding `article_id`"", ""inputSchema"": {""properties"": {""article_id"": {""description"": ""It's a unique hash id assigned to every Medium Article."", ""type"": ""string""}}, ""required"": [""article_id""], ""type"": ""object""}, ""name"": ""get_article_article_id_markdown""}"
ms-0075,ms,medium,medium/get_publication_publication_id_newsletter,ms:medium/get_publication_publication_id_newsletter:s00,llm_claude_eval,Show the newsletter details for the Better Programming publication.,"{""description"": ""Get Publication Newsletter. Returns the newsletter related information such as *id, name, description, slug, creator_id, subscribers, image_url, etc \u2026* **Note:** If you don't know the `publication_id`, you can get it from any article published by it. Use endpoint \""/article/{article_id}\"" to retrieve the `publication_id`."", ""inputSchema"": {""properties"": {""publication_id"": {""description"": ""It's a unique hash id assigned to every Medium Publication."", ""type"": ""string""}}, ""required"": [""publication_id""], ""type"": ""object""}, ""name"": ""get_publication_publication_id_newsletter""}"
ms-0076,ms,medium,medium/get_publication_publication_id_newsletter,ms:medium/get_publication_publication_id_newsletter:s01,llm_claude_eval,What newsletter is attached to that Medium publication?,"{""description"": ""Get Publication Newsletter. Returns the newsletter related information such as *id, name, description, slug, creator_id, subscribers, image_url, etc \u2026* **Note:** If you don't know the `publication_id`, you can get it from any article published by it. Use endpoint \""/article/{article_id}\"" to retrieve the `publication_id`."", ""inputSchema"": {""properties"": {""publication_id"": {""description"": ""It's a unique hash id assigned to every Medium Publication."", ""type"": ""string""}}, ""required"": [""publication_id""], ""type"": ""object""}, ""name"": ""get_publication_publication_id_newsletter""}"
ms-0077,ms,medium,medium/get_publication_publication_id_newsletter,ms:medium/get_publication_publication_id_newsletter:s02,llm_claude_eval,"Pull the newsletter name, slug and subscriber info for this publication.","{""description"": ""Get Publication Newsletter. Returns the newsletter related information such as *id, name, description, slug, creator_id, subscribers, image_url, etc \u2026* **Note:** If you don't know the `publication_id`, you can get it from any article published by it. Use endpoint \""/article/{article_id}\"" to retrieve the `publication_id`."", ""inputSchema"": {""properties"": {""publication_id"": {""description"": ""It's a unique hash id assigned to every Medium Publication."", ""type"": ""string""}}, ""required"": [""publication_id""], ""type"": ""object""}, ""name"": ""get_publication_publication_id_newsletter""}"
ms-0078,ms,medium,medium/get_top_writer_topic_slug,ms:medium/get_top_writer_topic_slug:s00,llm_claude_eval,Who are the leading authors writing about machine learning on Medium?,"{""description"": ""Get Top Writers. Returns a list of top writers (`user_ids`) within a particular topic/niche (`topic_slug`). e.g. - blockchain - relationships - artificial-intelligence, etc ... **Note:** You can use optional `count` query parameter to limit the number of results. The maximum number of top writers within a topic/niche will be 250."", ""inputSchema"": {""properties"": {""count"": {""description"": ""Limits the number of `article_ids` in the result."", ""type"": ""integer""}, ""topic_slug"": {""description"": ""It's a unique string, usually hyphen-separated, representing a topic/niche, as classified by Medium."", ""type"": ""string""}}, ""required"": [""topic_slug""], ""type"": ""object""}, ""name"": ""get_top_writer_topic_slug""}"
ms-0079,ms,medium,medium/get_top_writer_topic_slug,ms:medium/get_top_writer_topic_slug:s01,llm_claude_eval,List the top writers in the productivity topic.,"{""description"": ""Get Top Writers. Returns a list of top writers (`user_ids`) within a particular topic/niche (`topic_slug`). e.g. - blockchain - relationships - artificial-intelligence, etc ... **Note:** You can use optional `count` query parameter to limit the number of results. The maximum number of top writers within a topic/niche will be 250."", ""inputSchema"": {""properties"": {""count"": {""description"": ""Limits the number of `article_ids` in the result."", ""type"": ""integer""}, ""topic_slug"": {""description"": ""It's a unique string, usually hyphen-separated, representing a topic/niche, as classified by Medium."", ""type"": ""string""}}, ""required"": [""topic_slug""], ""type"": ""object""}, ""name"": ""get_top_writer_topic_slug""}"
ms-0080,ms,medium,medium/get_top_writer_topic_slug,ms:medium/get_top_writer_topic_slug:s02,llm_claude_eval,Find the most influential contributors for the javascript niche.,"{""description"": ""Get Top Writers. Returns a list of top writers (`user_ids`) within a particular topic/niche (`topic_slug`). e.g. - blockchain - relationships - artificial-intelligence, etc ... **Note:** You can use optional `count` query parameter to limit the number of results. The maximum number of top writers within a topic/niche will be 250."", ""inputSchema"": {""properties"": {""count"": {""description"": ""Limits the number of `article_ids` in the result."", ""type"": ""integer""}, ""topic_slug"": {""description"": ""It's a unique string, usually hyphen-separated, representing a topic/niche, as classified by Medium."", ""type"": ""string""}}, ""required"": [""topic_slug""], ""type"": ""object""}, ""name"": ""get_top_writer_topic_slug""}"
ms-0081,ms,netlify,netlify/deleteenvvarvalue,ms:netlify/deleteenvvarvalue:s00,llm_claude_eval,Remove the staging value of the DATABASE_URL environment variable.,"{""description"": ""Deletes a specific environment variable value. To use this endpoint, your site must no longer be using the classic environment variables experience . Migrate now with the Netlify UI."", ""inputSchema"": {""properties"": {""account_id"": {""description"": ""Scope response to account_id"", ""type"": ""string""}, ""id"": {""description"": ""The environment variable value's ID"", ""type"": ""string""}, ""key"": {""description"": ""The environment variable key name (case-sensitive)"", ""type"": ""string""}, ""site_id"": {""description"": ""If provided, delete the value from an environment variable on this site"", ""type"": ""string""}}, ""required"": [""account_id"", ""id"", ""key""], ""type"": ""object""}, ""name"": ""deleteenvvarvalue""}"
ms-0082,ms,netlify,netlify/deleteenvvarvalue,ms:netlify/deleteenvvarvalue:s01,llm_claude_eval,Delete that one environment variable value from the site settings.,"{""description"": ""Deletes a specific environment variable value. To use this endpoint, your site must no longer be using the classic environment variables experience . Migrate now with the Netlify UI."", ""inputSchema"": {""properties"": {""account_id"": {""description"": ""Scope response to account_id"", ""type"": ""string""}, ""id"": {""description"": ""The environment variable value's ID"", ""type"": ""string""}, ""key"": {""description"": ""The environment variable key name (case-sensitive)"", ""type"": ""string""}, ""site_id"": {""description"": ""If provided, delete the value from an environment variable on this site"", ""type"": ""string""}}, ""required"": [""account_id"", ""id"", ""key""], ""type"": ""object""}, ""name"": ""deleteenvvarvalue""}"
ms-0083,ms,netlify,netlify/deleteenvvarvalue,ms:netlify/deleteenvvarvalue:s02,llm_claude_eval,Drop the deploy-context-specific value of the API_KEY variable.,"{""description"": ""Deletes a specific environment variable value. To use this endpoint, your site must no longer be using the classic environment variables experience . Migrate now with the Netlify UI."", ""inputSchema"": {""properties"": {""account_id"": {""description"": ""Scope response to account_id"", ""type"": ""string""}, ""id"": {""description"": ""The environment variable value's ID"", ""type"": ""string""}, ""key"": {""description"": ""The environment variable key name (case-sensitive)"", ""type"": ""string""}, ""site_id"": {""description"": ""If provided, delete the value from an environment variable on this site"", ""type"": ""string""}}, ""required"": [""account_id"", ""id"", ""key""], ""type"": ""object""}, ""name"": ""deleteenvvarvalue""}"
ms-0084,ms,netlify,netlify/listsites,ms:netlify/listsites:s00,llm_claude_eval,Show all the sites in my Netlify account.,"{""description"": ""**Note:** Environment variable keys and values will soon be moved from `build_settings.env` and `repo.env` to a new endpoint. Please use [getEnvVars](#tag/environmentVariables/operation/getEnvVars) to retrieve site environment variables."", ""inputSchema"": {""properties"": {""filter"": {""description"": ""The filter parameter"", ""type"": ""string""}, ""name"": {""description"": ""The name parameter"", ""type"": ""string""}}, ""required"": [], ""type"": ""object""}, ""name"": ""listsites""}"
ms-0085,ms,netlify,netlify/listsites,ms:netlify/listsites:s01,llm_claude_eval,Which websites am I currently hosting there?,"{""description"": ""**Note:** Environment variable keys and values will soon be moved from `build_settings.env` and `repo.env` to a new endpoint. Please use [getEnvVars](#tag/environmentVariables/operation/getEnvVars) to retrieve site environment variables."", ""inputSchema"": {""properties"": {""filter"": {""description"": ""The filter parameter"", ""type"": ""string""}, ""name"": {""description"": ""The name parameter"", ""type"": ""string""}}, ""required"": [], ""type"": ""object""}, ""name"": ""listsites""}"
ms-0086,ms,netlify,netlify/listsites,ms:netlify/listsites:s02,llm_claude_eval,List my deployed sites with their settings.,"{""description"": ""**Note:** Environment variable keys and values will soon be moved from `build_settings.env` and `repo.env` to a new endpoint. Please use [getEnvVars](#tag/environmentVariables/operation/getEnvVars) to retrieve site environment variables."", ""inputSchema"": {""properties"": {""filter"": {""description"": ""The filter parameter"", ""type"": ""string""}, ""name"": {""description"": ""The name parameter"", ""type"": ""string""}}, ""required"": [], ""type"": ""object""}, ""name"": ""listsites""}"
ms-0087,ms,plaid,plaid/banktransfersweeplist,ms:plaid/banktransfersweeplist:s00,llm_claude_eval,Show the recent sweep transactions matching last month's transfers.,"{""description"": ""List sweeps. The `/bank_transfer/sweep/list` endpoint fetches information about the sweeps matching the given filters."", ""inputSchema"": {""properties"": {""client_id"": {""description"": ""The client_id field"", ""type"": ""string""}, ""count"": {""description"": ""The maximum number of sweeps to return."", ""type"": ""integer""}, ""end_time"": {""description"": ""The end datetime of sweeps to return (RFC 3339 format)."", ""type"": ""string""}, ""origination_account_id"": {""description"": ""If multiple origination accounts are available, `origination_account_id` must be used to specify the account that the sweeps belong to."", ""type"": ""string""}, ""secret"": {""description"": ""The secret field"", ""type"": ""string""}, ""start_time"": {""description"": ""The start datetime of sweeps to return (RFC 3339 format)."", ""type"": ""string""}}, ""required"": [], ""type"": ""object""}, ""name"": ""banktransfersweeplist""}"
ms-0088,ms,plaid,plaid/banktransfersweeplist,ms:plaid/banktransfersweeplist:s01,llm_claude_eval,List the sweeps that settled funds to our account in March.,"{""description"": ""List sweeps. The `/bank_transfer/sweep/list` endpoint fetches information about the sweeps matching the given filters."", ""inputSchema"": {""properties"": {""client_id"": {""description"": ""The client_id field"", ""type"": ""string""}, ""count"": {""description"": ""The maximum number of sweeps to return."", ""type"": ""integer""}, ""end_time"": {""description"": ""The end datetime of sweeps to return (RFC 3339 format)."", ""type"": ""string""}, ""origination_account_id"": {""description"": ""If multiple origination accounts are available, `origination_account_id` must be used to specify the account that the sweeps belong to."", ""type"": ""string""}, ""secret"": {""description"": ""The secret field"", ""type"": ""string""}, ""start_time"": {""description"": ""The start datetime of sweeps to return (RFC 3339 format)."", ""type"": ""string""}}, ""required"": [], ""type"": ""object""}, ""name"": ""banktransfersweeplist""}"
ms-0089,ms,plaid,plaid/banktransfersweeplist,ms:plaid/banktransfersweeplist:s02,llm_claude_eval,Pull the sweep history with the usual filters.,"{""description"": ""List sweeps. The `/bank_transfer/sweep/list` endpoint fetches information about the sweeps matching the given filters."", ""inputSchema"": {""properties"": {""client_id"": {""description"": ""The client_id field"", ""type"": ""string""}, ""count"": {""description"": ""The maximum number of sweeps to return."", ""type"": ""integer""}, ""end_time"": {""description"": ""The end datetime of sweeps to return (RFC 3339 format)."", ""type"": ""string""}, ""origination_account_id"": {""description"": ""If multiple origination accounts are available, `origination_account_id` must be used to specify the account that the sweeps belong to."", ""type"": ""string""}, ""secret"": {""description"": ""The secret field"", ""type"": ""string""}, ""start_time"": {""description"": ""The start datetime of sweeps to return (RFC 3339 format)."", ""type"": ""string""}}, ""required"": [], ""type"": ""object""}, ""name"": ""banktransfersweeplist""}"
ms-0090,ms,plaid,plaid/banktransfereventlist,ms:plaid/banktransfereventlist:s00,llm_claude_eval,List the ACH events for the transfers we initiated this week.,"{""description"": ""List bank transfer events. Use the `/bank_transfer/event/list` endpoint to get a list of Plaid-initiated ACH or bank transfer events based on specified filter criteria. When using Auth with micro-deposit verification enabled, this endpoint can be used to fetch status updates on ACH micro-deposits. For more details, see [micro-deposit events](https://plaid.com/docs/auth/coverage/microdeposit-events"", ""inputSchema"": {""properties"": {""account_id"": {""description"": ""The account ID to get events for all transactions to/from an account."", ""type"": ""string""}, ""bank_transfer_id"": {""description"": ""Plaid\u2019s unique identifier for a bank transfer."", ""type"": ""string""}, ""bank_transfer_type"": {""description"": ""The bank_transfer_type field"", ""type"": ""string""}, ""client_id"": {""description"": ""The client_id field"", ""type"": ""string""}, ""count"": {""description"": ""The maximum number of bank transfer events to return. If the number of events matching the above parameters is greater than `count`, the most recent events will be returned."", ""type"": ""integer""}, ""direction"": {""description"": ""The direction field"", ""type"": ""string""}, ""end_date"": {""description"": ""The end datetime of bank transfers to list. This should be in RFC 3339 format (i.e. `2019-12-06T22:35:49Z`)"", ""type"": ""string""}, ""event_types"": {""description"": ""Filter events by event type."", ""type"": ""array""}}, ""required"": [], ""type"": ""object""}, ""name"": ""banktransfereventlist""}"
ms-0091,ms,plaid,plaid/banktransfereventlist,ms:plaid/banktransfereventlist:s01,llm_claude_eval,What status events were recorded for our bank transfers?,"{""description"": ""List bank transfer events. Use the `/bank_transfer/event/list` endpoint to get a list of Plaid-initiated ACH or bank transfer events based on specified filter criteria. When using Auth with micro-deposit verification enabled, this endpoint can be used to fetch status updates on ACH micro-deposits. For more details, see [micro-deposit events](https://plaid.com/docs/auth/coverage/microdeposit-events"", ""inputSchema"": {""properties"": {""account_id"": {""description"": ""The account ID to get events for all transactions to/from an account."", ""type"": ""string""}, ""bank_transfer_id"": {""description"": ""Plaid\u2019s unique identifier for a bank transfer."", ""type"": ""string""}, ""bank_transfer_type"": {""description"": ""The bank_transfer_type field"", ""type"": ""string""}, ""client_id"": {""description"": ""The client_id field"", ""type"": ""string""}, ""count"": {""description"": ""The maximum number of bank transfer events to return. If the number of events matching the above parameters is greater than `count`, the most recent events will be returned."", ""type"": ""integer""}, ""direction"": {""description"": ""The direction field"", ""type"": ""string""}, ""end_date"": {""description"": ""The end datetime of bank transfers to list. This should be in RFC 3339 format (i.e. `2019-12-06T22:35:49Z`)"", ""type"": ""string""}, ""event_types"": {""description"": ""Filter events by event type."", ""type"": ""array""}}, ""required"": [], ""type"": ""object""}, ""name"": ""banktransfereventlist""}"
ms-0092,ms,plaid,plaid/banktransfereventlist,ms:plaid/banktransfereventlist:s02,llm_claude_eval,Show me the transfer event stream so I can debug the failed payout.,"{""description"": ""List bank transfer events. Use the `/bank_transfer/event/list` endpoint to get a list of Plaid-initiated ACH or bank transfer events based on specified filter criteria. When using Auth with micro-deposit verification enabled, this endpoint can be used to fetch status updates on ACH micro-deposits. For more details, see [micro-deposit events](https://plaid.com/docs/auth/coverage/microdeposit-events"", ""inputSchema"": {""properties"": {""account_id"": {""description"": ""The account ID to get events for all transactions to/from an account."", ""type"": ""string""}, ""bank_transfer_id"": {""description"": ""Plaid\u2019s unique identifier for a bank transfer."", ""type"": ""string""}, ""bank_transfer_type"": {""description"": ""The bank_transfer_type field"", ""type"": ""string""}, ""client_id"": {""description"": ""The client_id field"", ""type"": ""string""}, ""count"": {""description"": ""The maximum number of bank transfer events to return. If the number of events matching the above parameters is greater than `count`, the most recent events will be returned."", ""type"": ""integer""}, ""direction"": {""description"": ""The direction field"", ""type"": ""string""}, ""end_date"": {""description"": ""The end datetime of bank transfers to list. This should be in RFC 3339 format (i.e. `2019-12-06T22:35:49Z`)"", ""type"": ""string""}, ""event_types"": {""description"": ""Filter events by event type."", ""type"": ""array""}}, ""required"": [], ""type"": ""object""}, ""name"": ""banktransfereventlist""}"
ms-0093,ms,plaid,plaid/banktransfersweepget,ms:plaid/banktransfersweepget:s00,llm_claude_eval,Get the details of sweep sw_42.,"{""description"": ""Retrieve a sweep. The `/bank_transfer/sweep/get` endpoint fetches information about the sweep corresponding to the given `sweep_id`."", ""inputSchema"": {""properties"": {""client_id"": {""description"": ""The client_id field"", ""type"": ""string""}, ""secret"": {""description"": ""The secret field"", ""type"": ""string""}, ""sweep_id"": {""description"": ""Identifier of the sweep."", ""type"": ""string""}}, ""required"": [""sweep_id""], ""type"": ""object""}, ""name"": ""banktransfersweepget""}"
ms-0094,ms,plaid,plaid/banktransfersweepget,ms:plaid/banktransfersweepget:s01,llm_claude_eval,Look up that one sweep record by its identifier.,"{""description"": ""Retrieve a sweep. The `/bank_transfer/sweep/get` endpoint fetches information about the sweep corresponding to the given `sweep_id`."", ""inputSchema"": {""properties"": {""client_id"": {""description"": ""The client_id field"", ""type"": ""string""}, ""secret"": {""description"": ""The secret field"", ""type"": ""string""}, ""sweep_id"": {""description"": ""Identifier of the sweep."", ""type"": ""string""}}, ""required"": [""sweep_id""], ""type"": ""object""}, ""name"": ""banktransfersweepget""}"
ms-0095,ms,plaid,plaid/banktransfersweepget,ms:plaid/banktransfersweepget:s02,llm_claude_eval,Retrieve the sweep that corresponds to yesterday's settlement.,"{""description"": ""Retrieve a sweep. The `/bank_transfer/sweep/get` endpoint fetches information about the sweep corresponding to the given `sweep_id`."", ""inputSchema"": {""properties"": {""client_id"": {""description"": ""The client_id field"", ""type"": ""string""}, ""secret"": {""description"": ""The secret field"", ""type"": ""string""}, ""sweep_id"": {""description"": ""Identifier of the sweep."", ""type"": ""string""}}, ""required"": [""sweep_id""], ""type"": ""object""}, ""name"": ""banktransfersweepget""}"
ms-0096,ms,postmarkapp,postmarkapp/requestdkimverificationfordomain,ms:postmarkapp/requestdkimverificationfordomain:s00,llm_claude_eval,Trigger the DKIM DNS check for example.com.,"{""description"": ""Request DNS Verification for DKIM"", ""inputSchema"": {""properties"": {""domainid"": {""description"": ""The ID for the Domain for which DKIM DNS records should be verified."", ""type"": ""integer""}}, ""required"": [""domainid""], ""type"": ""object""}, ""name"": ""requestdkimverificationfordomain""}"
ms-0097,ms,postmarkapp,postmarkapp/requestdkimverificationfordomain,ms:postmarkapp/requestdkimverificationfordomain:s01,llm_claude_eval,Ask the mail service to verify our domain's DKIM record now.,"{""description"": ""Request DNS Verification for DKIM"", ""inputSchema"": {""properties"": {""domainid"": {""description"": ""The ID for the Domain for which DKIM DNS records should be verified."", ""type"": ""integer""}}, ""required"": [""domainid""], ""type"": ""object""}, ""name"": ""requestdkimverificationfordomain""}"
ms-0098,ms,postmarkapp,postmarkapp/requestdkimverificationfordomain,ms:postmarkapp/requestdkimverificationfordomain:s02,llm_claude_eval,We just added the DNS entry - request DKIM verification for the domain.,"{""description"": ""Request DNS Verification for DKIM"", ""inputSchema"": {""properties"": {""domainid"": {""description"": ""The ID for the Domain for which DKIM DNS records should be verified."", ""type"": ""integer""}}, ""required"": [""domainid""], ""type"": ""object""}, ""name"": ""requestdkimverificationfordomain""}"
ms-0099,ms,postmarkapp,postmarkapp/requestreturnpathverificationfordomain,ms:postmarkapp/requestreturnpathverificationfordomain:s00,llm_claude_eval,Verify the return-path DNS record for our sending domain.,"{""description"": ""Request DNS Verification for Return-Path"", ""inputSchema"": {""properties"": {""domainid"": {""description"": ""The ID for the Domain for which Return-Path DNS records should be verified."", ""type"": ""integer""}}, ""required"": [""domainid""], ""type"": ""object""}, ""name"": ""requestreturnpathverificationfordomain""}"
ms-0100,ms,postmarkapp,postmarkapp/requestreturnpathverificationfordomain,ms:postmarkapp/requestreturnpathverificationfordomain:s01,llm_claude_eval,Kick off the bounce-domain verification for example.org.,"{""description"": ""Request DNS Verification for Return-Path"", ""inputSchema"": {""properties"": {""domainid"": {""description"": ""The ID for the Domain for which Return-Path DNS records should be verified."", ""type"": ""integer""}}, ""required"": [""domainid""], ""type"": ""object""}, ""name"": ""requestreturnpathverificationfordomain""}"
ms-0101,ms,postmarkapp,postmarkapp/requestreturnpathverificationfordomain,ms:postmarkapp/requestreturnpathverificationfordomain:s02,llm_claude_eval,The CNAME for the return path is live - please run the verification.,"{""description"": ""Request DNS Verification for Return-Path"", ""inputSchema"": {""properties"": {""domainid"": {""description"": ""The ID for the Domain for which Return-Path DNS records should be verified."", ""type"": ""integer""}}, ""required"": [""domainid""], ""type"": ""object""}, ""name"": ""requestreturnpathverificationfordomain""}"
ms-0102,ms,postmarkapp,postmarkapp/requestnewdkimkeyforsendersignature,ms:postmarkapp/requestnewdkimkeyforsendersignature:s00,llm_claude_eval,Rotate the DKIM key for this sender signature.,"{""description"": ""Request a new DKIM Key. Requests a new DKIM key to be created. Until the DNS entries are confirmed, the new values will be in the `DKIMPendingHost` and `DKIMPendingTextValue` fields. After the new DKIM value is verified in DNS, the pending values will migrate to `DKIMTextValue` and `DKIMPendingTextValue` and Postmark will begin to sign emails with the new DKIM key."", ""inputSchema"": {""properties"": {""signatureid"": {""description"": ""The ID for the Sender Signature for which a new DKIM Key should be generated."", ""type"": ""integer""}}, ""required"": [""signatureid""], ""type"": ""object""}, ""name"": ""requestnewdkimkeyforsendersignature""}"
ms-0103,ms,postmarkapp,postmarkapp/requestnewdkimkeyforsendersignature,ms:postmarkapp/requestnewdkimkeyforsendersignature:s01,llm_claude_eval,Issue a fresh DKIM key pair for our outbound email identity.,"{""description"": ""Request a new DKIM Key. Requests a new DKIM key to be created. Until the DNS entries are confirmed, the new values will be in the `DKIMPendingHost` and `DKIMPendingTextValue` fields. After the new DKIM value is verified in DNS, the pending values will migrate to `DKIMTextValue` and `DKIMPendingTextValue` and Postmark will begin to sign emails with the new DKIM key."", ""inputSchema"": {""properties"": {""signatureid"": {""description"": ""The ID for the Sender Signature for which a new DKIM Key should be generated."", ""type"": ""integer""}}, ""required"": [""signatureid""], ""type"": ""object""}, ""name"": ""requestnewdkimkeyforsendersignature""}"
ms-0104,ms,postmarkapp,postmarkapp/requestnewdkimkeyforsendersignature,ms:postmarkapp/requestnewdkimkeyforsendersignature:s02,llm_claude_eval,Generate a new DKIM key; we'll update DNS once it's pending.,"{""description"": ""Request a new DKIM Key. Requests a new DKIM key to be created. Until the DNS entries are confirmed, the new values will be in the `DKIMPendingHost` and `DKIMPendingTextValue` fields. After the new DKIM value is verified in DNS, the pending values will migrate to `DKIMTextValue` and `DKIMPendingTextValue` and Postmark will begin to sign emails with the new DKIM key."", ""inputSchema"": {""properties"": {""signatureid"": {""description"": ""The ID for the Sender Signature for which a new DKIM Key should be generated."", ""type"": ""integer""}}, ""required"": [""signatureid""], ""type"": ""object""}, ""name"": ""requestnewdkimkeyforsendersignature""}"
ms-0105,ms,sendgrid,sendgrid/get_api_keys_api_key_id,ms:sendgrid/get_api_keys_api_key_id:s00,llm_claude_eval,Show the details of the API key ending in 9Xk2.,"{""description"": ""Retrieve an existing API Key. **This endpoint allows you to retrieve a single API key using an `api_key_id`.** The endpoint will return a key's name, ID, and scopes. If the API Key ID does not, exist a `404` status will be returned. See the [API Key Permissions List](https://sendgrid.api-docs.io/v3.0/how-to-use-the-sendgrid-v3-api/api-authorization) for all available scopes. An API key's scopes ca"", ""inputSchema"": {""properties"": {""api_key_id"": {""description"": ""The api_key_id parameter"", ""type"": ""string""}}, ""required"": [""api_key_id""], ""type"": ""object""}, ""name"": ""get_api_keys_api_key_id""}"
ms-0106,ms,sendgrid,sendgrid/get_api_keys_api_key_id,ms:sendgrid/get_api_keys_api_key_id:s01,llm_claude_eval,What permissions does that one SendGrid key have?,"{""description"": ""Retrieve an existing API Key. **This endpoint allows you to retrieve a single API key using an `api_key_id`.** The endpoint will return a key's name, ID, and scopes. If the API Key ID does not, exist a `404` status will be returned. See the [API Key Permissions List](https://sendgrid.api-docs.io/v3.0/how-to-use-the-sendgrid-v3-api/api-authorization) for all available scopes. An API key's scopes ca"", ""inputSchema"": {""properties"": {""api_key_id"": {""description"": ""The api_key_id parameter"", ""type"": ""string""}}, ""required"": [""api_key_id""], ""type"": ""object""}, ""name"": ""get_api_keys_api_key_id""}"
ms-0107,ms,sendgrid,sendgrid/get_api_keys_api_key_id,ms:sendgrid/get_api_keys_api_key_id:s02,llm_claude_eval,Look up the email API key by its identifier.,"{""description"": ""Retrieve an existing API Key. **This endpoint allows you to retrieve a single API key using an `api_key_id`.** The endpoint will return a key's name, ID, and scopes. If the API Key ID does not, exist a `404` status will be returned. See the [API Key Permissions List](https://sendgrid.api-docs.io/v3.0/how-to-use-the-sendgrid-v3-api/api-authorization) for all available scopes. An API key's scopes ca"", ""inputSchema"": {""properties"": {""api_key_id"": {""description"": ""The api_key_id parameter"", ""type"": ""string""}}, ""required"": [""api_key_id""], ""type"": ""object""}, ""name"": ""get_api_keys_api_key_id""}"
ms-0108,ms,sendgrid,sendgrid/delete_access_settings_whitelist,ms:sendgrid/delete_access_settings_whitelist:s00,llm_claude_eval,Remove the office IPs from the email service allow list.,"{""description"": ""Remove one or more IPs from the allow list. **This endpoint allows you to remove one or more IP addresses from your list of allowed addresses.** To remove one or more IP addresses, pass this endpoint an array containing the ID(s) associated with the IP(s) you intend to remove. You can retrieve the IDs associated with your allowed IP addresses using the \""Retrieve a list of currently allowed IPs\"" en"", ""inputSchema"": {""properties"": {""ids"": {""description"": ""An array of the IDs of the IP address that you want to remove from your allow list."", ""type"": ""array""}}, ""required"": [], ""type"": ""object""}, ""name"": ""delete_access_settings_whitelist""}"
ms-0109,ms,sendgrid,sendgrid/delete_access_settings_whitelist,ms:sendgrid/delete_access_settings_whitelist:s01,llm_claude_eval,Delete those two addresses from the IP access list.,"{""description"": ""Remove one or more IPs from the allow list. **This endpoint allows you to remove one or more IP addresses from your list of allowed addresses.** To remove one or more IP addresses, pass this endpoint an array containing the ID(s) associated with the IP(s) you intend to remove. You can retrieve the IDs associated with your allowed IP addresses using the \""Retrieve a list of currently allowed IPs\"" en"", ""inputSchema"": {""properties"": {""ids"": {""description"": ""An array of the IDs of the IP address that you want to remove from your allow list."", ""type"": ""array""}}, ""required"": [], ""type"": ""object""}, ""name"": ""delete_access_settings_whitelist""}"
ms-0110,ms,sendgrid,sendgrid/delete_access_settings_whitelist,ms:sendgrid/delete_access_settings_whitelist:s02,llm_claude_eval,Take 203.0.113.7 off the allowed IP ranges for the account.,"{""description"": ""Remove one or more IPs from the allow list. **This endpoint allows you to remove one or more IP addresses from your list of allowed addresses.** To remove one or more IP addresses, pass this endpoint an array containing the ID(s) associated with the IP(s) you intend to remove. You can retrieve the IDs associated with your allowed IP addresses using the \""Retrieve a list of currently allowed IPs\"" en"", ""inputSchema"": {""properties"": {""ids"": {""description"": ""An array of the IDs of the IP address that you want to remove from your allow list."", ""type"": ""array""}}, ""required"": [], ""type"": ""object""}, ""name"": ""delete_access_settings_whitelist""}"
ms-0111,ms,sendgrid,sendgrid/get_access_settings_whitelist_rule_id,ms:sendgrid/get_access_settings_whitelist_rule_id:s00,llm_claude_eval,Show which IP address allow-list rule 15 refers to.,"{""description"": ""Retrieve a specific allowed IP. **This endpoint allows you to retreive a specific IP address that has been allowed to access your account.** You must include the ID for the specific IP address you want to retrieve in your call. You can retrieve the IDs associated with your allowed IP addresses using the \""Retrieve a list of currently allowed IPs\"" endpoint."", ""inputSchema"": {""properties"": {""rule_id"": {""description"": ""The ID of the allowed IP address that you want to retrieve."", ""type"": ""string""}}, ""required"": [""rule_id""], ""type"": ""object""}, ""name"": ""get_access_settings_whitelist_rule_id""}"
ms-0112,ms,sendgrid,sendgrid/get_access_settings_whitelist_rule_id,ms:sendgrid/get_access_settings_whitelist_rule_id:s01,llm_claude_eval,Get the details of that specific allowed IP entry.,"{""description"": ""Retrieve a specific allowed IP. **This endpoint allows you to retreive a specific IP address that has been allowed to access your account.** You must include the ID for the specific IP address you want to retrieve in your call. You can retrieve the IDs associated with your allowed IP addresses using the \""Retrieve a list of currently allowed IPs\"" endpoint."", ""inputSchema"": {""properties"": {""rule_id"": {""description"": ""The ID of the allowed IP address that you want to retrieve."", ""type"": ""string""}}, ""required"": [""rule_id""], ""type"": ""object""}, ""name"": ""get_access_settings_whitelist_rule_id""}"
ms-0113,ms,sendgrid,sendgrid/get_access_settings_whitelist_rule_id,ms:sendgrid/get_access_settings_whitelist_rule_id:s02,llm_claude_eval,Look up one IP access rule by its id.,"{""description"": ""Retrieve a specific allowed IP. **This endpoint allows you to retreive a specific IP address that has been allowed to access your account.** You must include the ID for the specific IP address you want to retrieve in your call. You can retrieve the IDs associated with your allowed IP addresses using the \""Retrieve a list of currently allowed IPs\"" endpoint."", ""inputSchema"": {""properties"": {""rule_id"": {""description"": ""The ID of the allowed IP address that you want to retrieve."", ""type"": ""string""}}, ""required"": [""rule_id""], ""type"": ""object""}, ""name"": ""get_access_settings_whitelist_rule_id""}"
ms-0114,ms,slack,slack/admin_conversations_restrictaccess_removegroup,ms:slack/admin_conversations_restrictaccess_removegroup:s00,llm_claude_eval,Unlink the contractors IDP group from the private finance channel.,"{""description"": ""Remove a linked IDP group linked from a private channel"", ""inputSchema"": {""properties"": {""channel_id"": {""description"": ""The channel to remove the linked group from."", ""type"": ""string""}, ""group_id"": {""description"": ""The [IDP Group](https://slack.com/help/articles/115001435788-Connect-identity-provider-groups-to-your-Enterprise-Grid-org) ID to remove from the private channel."", ""type"": ""string""}, ""team_id"": {""description"": ""The workspace where the channel exists. This argument is required for channels only tied to one workspace, and optional for channels that are shared across an organization."", ""type"": ""string""}, ""token"": {""description"": ""Authentication token. Requires scope: `admin.conversations:write`"", ""type"": ""string""}}, ""required"": [""token"", ""team_id"", ""group_id"", ""channel_id""], ""type"": ""object""}, ""name"": ""admin_conversations_restrictaccess_removegroup""}"
ms-0115,ms,slack,slack/admin_conversations_restrictaccess_removegroup,ms:slack/admin_conversations_restrictaccess_removegroup:s01,llm_claude_eval,Remove that identity-provider group's access restriction from the channel.,"{""description"": ""Remove a linked IDP group linked from a private channel"", ""inputSchema"": {""properties"": {""channel_id"": {""description"": ""The channel to remove the linked group from."", ""type"": ""string""}, ""group_id"": {""description"": ""The [IDP Group](https://slack.com/help/articles/115001435788-Connect-identity-provider-groups-to-your-Enterprise-Grid-org) ID to remove from the private channel."", ""type"": ""string""}, ""team_id"": {""description"": ""The workspace where the channel exists. This argument is required for channels only tied to one workspace, and optional for channels that are shared across an organization."", ""type"": ""string""}, ""token"": {""description"": ""Authentication token. Requires scope: `admin.conversations:write`"", ""type"": ""string""}}, ""required"": [""token"", ""team_id"", ""group_id"", ""channel_id""], ""type"": ""object""}, ""name"": ""admin_conversations_restrictaccess_removegroup""}"
ms-0116,ms,slack,slack/admin_conversations_restrictaccess_removegroup,ms:slack/admin_conversations_restrictaccess_removegroup:s02,llm_claude_eval,Detach the SSO group from #leadership so access is no longer gated.,"{""description"": ""Remove a linked IDP group linked from a private channel"", ""inputSchema"": {""properties"": {""channel_id"": {""description"": ""The channel to remove the linked group from."", ""type"": ""string""}, ""group_id"": {""description"": ""The [IDP Group](https://slack.com/help/articles/115001435788-Connect-identity-provider-groups-to-your-Enterprise-Grid-org) ID to remove from the private channel."", ""type"": ""string""}, ""team_id"": {""description"": ""The workspace where the channel exists. This argument is required for channels only tied to one workspace, and optional for channels that are shared across an organization."", ""type"": ""string""}, ""token"": {""description"": ""Authentication token. Requires scope: `admin.conversations:write`"", ""type"": ""string""}}, ""required"": [""token"", ""team_id"", ""group_id"", ""channel_id""], ""type"": ""object""}, ""name"": ""admin_conversations_restrictaccess_removegroup""}"
ms-0117,ms,slack,slack/admin_apps_approve,ms:slack/admin_apps_approve:s00,llm_claude_eval,Approve the Figma app for installation in our workspace.,"{""description"": ""Approve an app for installation on a workspace."", ""inputSchema"": {""properties"": {""app_id"": {""description"": ""The id of the app to approve."", ""type"": ""string""}, ""request_id"": {""description"": ""The id of the request to approve."", ""type"": ""string""}, ""team_id"": {""description"": ""The team_id field"", ""type"": ""string""}}, ""required"": [], ""type"": ""object""}, ""name"": ""admin_apps_approve""}"
ms-0118,ms,slack,slack/admin_apps_approve,ms:slack/admin_apps_approve:s01,llm_claude_eval,Green-light that pending app request for the engineering workspace.,"{""description"": ""Approve an app for installation on a workspace."", ""inputSchema"": {""properties"": {""app_id"": {""description"": ""The id of the app to approve."", ""type"": ""string""}, ""request_id"": {""description"": ""The id of the request to approve."", ""type"": ""string""}, ""team_id"": {""description"": ""The team_id field"", ""type"": ""string""}}, ""required"": [], ""type"": ""object""}, ""name"": ""admin_apps_approve""}"
ms-0119,ms,slack,slack/admin_apps_approve,ms:slack/admin_apps_approve:s02,llm_claude_eval,"As an admin, allow the requested integration to be installed.","{""description"": ""Approve an app for installation on a workspace."", ""inputSchema"": {""properties"": {""app_id"": {""description"": ""The id of the app to approve."", ""type"": ""string""}, ""request_id"": {""description"": ""The id of the request to approve."", ""type"": ""string""}, ""team_id"": {""description"": ""The team_id field"", ""type"": ""string""}}, ""required"": [], ""type"": ""object""}, ""name"": ""admin_apps_approve""}"
ms-0120,ms,slack,slack/admin_conversations_invite,ms:slack/admin_conversations_invite:s00,llm_claude_eval,Add the new hire to the #onboarding channel.,"{""description"": ""Invite a user to a public or private channel."", ""inputSchema"": {""properties"": {""channel_id"": {""description"": ""The channel that the users will be invited to."", ""type"": ""string""}, ""user_ids"": {""description"": ""The users to invite."", ""type"": ""string""}}, ""required"": [""user_ids"", ""channel_id""], ""type"": ""object""}, ""name"": ""admin_conversations_invite""}"
ms-0121,ms,slack,slack/admin_conversations_invite,ms:slack/admin_conversations_invite:s01,llm_claude_eval,Invite Priya to the private incident-response channel.,"{""description"": ""Invite a user to a public or private channel."", ""inputSchema"": {""properties"": {""channel_id"": {""description"": ""The channel that the users will be invited to."", ""type"": ""string""}, ""user_ids"": {""description"": ""The users to invite."", ""type"": ""string""}}, ""required"": [""user_ids"", ""channel_id""], ""type"": ""object""}, ""name"": ""admin_conversations_invite""}"
ms-0122,ms,slack,slack/admin_conversations_invite,ms:slack/admin_conversations_invite:s02,llm_claude_eval,Put these three users into #release-coordination.,"{""description"": ""Invite a user to a public or private channel."", ""inputSchema"": {""properties"": {""channel_id"": {""description"": ""The channel that the users will be invited to."", ""type"": ""string""}, ""user_ids"": {""description"": ""The users to invite."", ""type"": ""string""}}, ""required"": [""user_ids"", ""channel_id""], ""type"": ""object""}, ""name"": ""admin_conversations_invite""}"
ms-0123,ms,spoonacular,spoonacular/detectfoodintext,ms:spoonacular/detectfoodintext:s00,llm_claude_eval,Find every food item mentioned in this restaurant review.,"{""description"": ""Detect Food in Text. Take any text and find all mentions of food contained within it. This task is also called Named Entity Recognition (NER). In this case, the entities are foods. Either dishes, such as pizza or cheeseburger, or ingredients, such as cucumber or almonds."", ""inputSchema"": {""properties"": {}, ""required"": [], ""type"": ""object""}, ""name"": ""detectfoodintext""}"
ms-0124,ms,spoonacular,spoonacular/detectfoodintext,ms:spoonacular/detectfoodintext:s01,llm_claude_eval,Which ingredients or dishes appear in the following paragraph?,"{""description"": ""Detect Food in Text. Take any text and find all mentions of food contained within it. This task is also called Named Entity Recognition (NER). In this case, the entities are foods. Either dishes, such as pizza or cheeseburger, or ingredients, such as cucumber or almonds."", ""inputSchema"": {""properties"": {}, ""required"": [], ""type"": ""object""}, ""name"": ""detectfoodintext""}"
ms-0125,ms,spoonacular,spoonacular/detectfoodintext,ms:spoonacular/detectfoodintext:s02,llm_claude_eval,Scan my meal diary text and extract the foods it mentions.,"{""description"": ""Detect Food in Text. Take any text and find all mentions of food contained within it. This task is also called Named Entity Recognition (NER). In this case, the entities are foods. Either dishes, such as pizza or cheeseburger, or ingredients, such as cucumber or almonds."", ""inputSchema"": {""properties"": {}, ""required"": [], ""type"": ""object""}, ""name"": ""detectfoodintext""}"
ms-0126,ms,spoonacular,spoonacular/getingredientsubstitutesbyid,ms:spoonacular/getingredientsubstitutesbyid:s00,llm_claude_eval,What can I use instead of buttermilk in this recipe?,"{""description"": ""Get Ingredient Substitutes by ID. Search for substitutes for a given ingredient."", ""inputSchema"": {""properties"": {""id"": {""description"": ""The id of the ingredient you want substitutes for."", ""type"": ""number""}}, ""required"": [""id""], ""type"": ""object""}, ""name"": ""getingredientsubstitutesbyid""}"
ms-0127,ms,spoonacular,spoonacular/getingredientsubstitutesbyid,ms:spoonacular/getingredientsubstitutesbyid:s01,llm_claude_eval,Suggest replacements for ingredient 9314.,"{""description"": ""Get Ingredient Substitutes by ID. Search for substitutes for a given ingredient."", ""inputSchema"": {""properties"": {""id"": {""description"": ""The id of the ingredient you want substitutes for."", ""type"": ""number""}}, ""required"": [""id""], ""type"": ""object""}, ""name"": ""getingredientsubstitutesbyid""}"
ms-0128,ms,spoonacular,spoonacular/getingredientsubstitutesbyid,ms:spoonacular/getingredientsubstitutesbyid:s02,llm_claude_eval,I'm out of that ingredient - what are good substitutes for it?,"{""description"": ""Get Ingredient Substitutes by ID. Search for substitutes for a given ingredient."", ""inputSchema"": {""properties"": {""id"": {""description"": ""The id of the ingredient you want substitutes for."", ""type"": ""number""}}, ""required"": [""id""], ""type"": ""object""}, ""name"": ""getingredientsubstitutesbyid""}"
ms-0129,ms,spoonacular,spoonacular/menuitemnutritionbyidimage,ms:spoonacular/menuitemnutritionbyidimage:s00,llm_claude_eval,Render the nutrition facts image for that menu item.,"{""description"": ""Menu Item Nutrition by ID Image. Visualize a menu item's nutritional information as HTML including CSS."", ""inputSchema"": {""properties"": {""id"": {""description"": ""The menu item id."", ""type"": ""number""}}, ""required"": [""id"", ""id""], ""type"": ""object""}, ""name"": ""menuitemnutritionbyidimage""}"
ms-0130,ms,spoonacular,spoonacular/menuitemnutritionbyidimage,ms:spoonacular/menuitemnutritionbyidimage:s01,llm_claude_eval,Show a visual nutrition label for the Big Mac entry.,"{""description"": ""Menu Item Nutrition by ID Image. Visualize a menu item's nutritional information as HTML including CSS."", ""inputSchema"": {""properties"": {""id"": {""description"": ""The menu item id."", ""type"": ""number""}}, ""required"": [""id"", ""id""], ""type"": ""object""}, ""name"": ""menuitemnutritionbyidimage""}"
ms-0131,ms,spoonacular,spoonacular/menuitemnutritionbyidimage,ms:spoonacular/menuitemnutritionbyidimage:s02,llm_claude_eval,Generate the calorie and macro graphic for menu item 424571.,"{""description"": ""Menu Item Nutrition by ID Image. Visualize a menu item's nutritional information as HTML including CSS."", ""inputSchema"": {""properties"": {""id"": {""description"": ""The menu item id."", ""type"": ""number""}}, ""required"": [""id"", ""id""], ""type"": ""object""}, ""name"": ""menuitemnutritionbyidimage""}"
ms-0132,ms,spotify,spotify/get_a_chapter,ms:spotify/get_a_chapter:s00,llm_claude_eval,Get the details of chapter 3 of that audiobook.,"{""description"": ""Get a Chapter. Get Spotify catalog information for a single chapter. **Note: Chapters are only available for the US, UK, Ireland, New Zealand and Australia markets.**"", ""inputSchema"": {""properties"": {}, ""required"": [], ""type"": ""object""}, ""name"": ""get_a_chapter""}"
ms-0133,ms,spotify,spotify/get_a_chapter,ms:spotify/get_a_chapter:s01,llm_claude_eval,Show information about a single audiobook chapter.,"{""description"": ""Get a Chapter. Get Spotify catalog information for a single chapter. **Note: Chapters are only available for the US, UK, Ireland, New Zealand and Australia markets.**"", ""inputSchema"": {""properties"": {}, ""required"": [], ""type"": ""object""}, ""name"": ""get_a_chapter""}"
ms-0134,ms,spotify,spotify/get_a_chapter,ms:spotify/get_a_chapter:s02,llm_claude_eval,Pull the metadata for the chapter with this catalog id.,"{""description"": ""Get a Chapter. Get Spotify catalog information for a single chapter. **Note: Chapters are only available for the US, UK, Ireland, New Zealand and Australia markets.**"", ""inputSchema"": {""properties"": {}, ""required"": [], ""type"": ""object""}, ""name"": ""get_a_chapter""}"
ms-0135,ms,spotify,spotify/get_available_markets,ms:spotify/get_available_markets:s00,llm_claude_eval,In which countries is the streaming service available?,"{""description"": ""Get Available Markets. Get the list of markets where Spotify is available."", ""inputSchema"": {""properties"": {}, ""required"": [], ""type"": ""object""}, ""name"": ""get_available_markets""}"
ms-0136,ms,spotify,spotify/get_available_markets,ms:spotify/get_available_markets:s01,llm_claude_eval,List the market codes the platform supports.,"{""description"": ""Get Available Markets. Get the list of markets where Spotify is available."", ""inputSchema"": {""properties"": {}, ""required"": [], ""type"": ""object""}, ""name"": ""get_available_markets""}"
ms-0137,ms,spotify,spotify/get_available_markets,ms:spotify/get_available_markets:s02,llm_claude_eval,Show all regions where users can access the catalog.,"{""description"": ""Get Available Markets. Get the list of markets where Spotify is available."", ""inputSchema"": {""properties"": {}, ""required"": [], ""type"": ""object""}, ""name"": ""get_available_markets""}"
ms-0138,ms,spotify,spotify/get_current_users_profile,ms:spotify/get_current_users_profile:s00,llm_claude_eval,Show my own streaming profile details.,"{""description"": ""Get Current User's Profile. Get detailed profile information about the current user (including the current user's username)."", ""inputSchema"": {""properties"": {}, ""required"": [], ""type"": ""object""}, ""name"": ""get_current_users_profile""}"
ms-0139,ms,spotify,spotify/get_current_users_profile,ms:spotify/get_current_users_profile:s01,llm_claude_eval,What's my display name and subscription level on the music service?,"{""description"": ""Get Current User's Profile. Get detailed profile information about the current user (including the current user's username)."", ""inputSchema"": {""properties"": {}, ""required"": [], ""type"": ""object""}, ""name"": ""get_current_users_profile""}"
ms-0140,ms,spotify,spotify/get_current_users_profile,ms:spotify/get_current_users_profile:s02,llm_claude_eval,Fetch the account info of the currently signed-in listener.,"{""description"": ""Get Current User's Profile. Get detailed profile information about the current user (including the current user's username)."", ""inputSchema"": {""properties"": {}, ""required"": [], ""type"": ""object""}, ""name"": ""get_current_users_profile""}"
ms-0141,ms,squareup,squareup/getbankaccountbyv1id,ms:squareup/getbankaccountbyv1id:s00,llm_claude_eval,Look up the linked bank account using its old v1 identifier.,"{""description"": ""GetBankAccountByV1Id. Returns details of a [BankAccount](https://developer.squareup.com/reference/square_2021-08-18/objects/BankAccount) identified by V1 bank account ID."", ""inputSchema"": {""properties"": {""v1_bank_account_id"": {""description"": ""Connect V1 ID of the desired `BankAccount`. For more information, see [Retrieve a bank account by using an ID issued by V1 Bank Accounts API](https://developer.squareup.com/docs/bank-accounts-api#retrieve-a-bank-account-by-using-an-id-issued-by-v1-bank-accounts-api)."", ""type"": ""string""}}, ""required"": [""v1_bank_account_id""], ""type"": ""object""}, ""name"": ""getbankaccountbyv1id""}"
ms-0142,ms,squareup,squareup/getbankaccountbyv1id,ms:squareup/getbankaccountbyv1id:s01,llm_claude_eval,Fetch the bank account details for that legacy id.,"{""description"": ""GetBankAccountByV1Id. Returns details of a [BankAccount](https://developer.squareup.com/reference/square_2021-08-18/objects/BankAccount) identified by V1 bank account ID."", ""inputSchema"": {""properties"": {""v1_bank_account_id"": {""description"": ""Connect V1 ID of the desired `BankAccount`. For more information, see [Retrieve a bank account by using an ID issued by V1 Bank Accounts API](https://developer.squareup.com/docs/bank-accounts-api#retrieve-a-bank-account-by-using-an-id-issued-by-v1-bank-accounts-api)."", ""type"": ""string""}}, ""required"": [""v1_bank_account_id""], ""type"": ""object""}, ""name"": ""getbankaccountbyv1id""}"
ms-0143,ms,squareup,squareup/getbankaccountbyv1id,ms:squareup/getbankaccountbyv1id:s02,llm_claude_eval,Get the banking record referenced by the v1-era account id.,"{""description"": ""GetBankAccountByV1Id. Returns details of a [BankAccount](https://developer.squareup.com/reference/square_2021-08-18/objects/BankAccount) identified by V1 bank account ID."", ""inputSchema"": {""properties"": {""v1_bank_account_id"": {""description"": ""Connect V1 ID of the desired `BankAccount`. For more information, see [Retrieve a bank account by using an ID issued by V1 Bank Accounts API](https://developer.squareup.com/docs/bank-accounts-api#retrieve-a-bank-account-by-using-an-id-issued-by-v1-bank-accounts-api)."", ""type"": ""string""}}, ""required"": [""v1_bank_account_id""], ""type"": ""object""}, ""name"": ""getbankaccountbyv1id""}"
ms-0144,ms,squareup,squareup/retrieveorder,ms:squareup/retrieveorder:s00,llm_claude_eval,Show everything about online order ORD-5521.,"{""description"": ""RetrieveOrder. Provides comprehensive information for a single online store order, including the order's history."", ""inputSchema"": {""properties"": {""location_id"": {""description"": ""The ID of the order's associated location."", ""type"": ""string""}, ""order_id"": {""description"": ""The order's Square-issued ID. You obtain this value from Order objects returned by the List Orders endpoint"", ""type"": ""string""}}, ""required"": [""location_id"", ""order_id""], ""type"": ""object""}, ""name"": ""retrieveorder""}"
ms-0145,ms,squareup,squareup/retrieveorder,ms:squareup/retrieveorder:s01,llm_claude_eval,Pull the full history and line items of that customer's order.,"{""description"": ""RetrieveOrder. Provides comprehensive information for a single online store order, including the order's history."", ""inputSchema"": {""properties"": {""location_id"": {""description"": ""The ID of the order's associated location."", ""type"": ""string""}, ""order_id"": {""description"": ""The order's Square-issued ID. You obtain this value from Order objects returned by the List Orders endpoint"", ""type"": ""string""}}, ""required"": [""location_id"", ""order_id""], ""type"": ""object""}, ""name"": ""retrieveorder""}"
ms-0146,ms,squareup,squareup/retrieveorder,ms:squareup/retrieveorder:s02,llm_claude_eval,Get the details for one specific store order.,"{""description"": ""RetrieveOrder. Provides comprehensive information for a single online store order, including the order's history."", ""inputSchema"": {""properties"": {""location_id"": {""description"": ""The ID of the order's associated location."", ""type"": ""string""}, ""order_id"": {""description"": ""The order's Square-issued ID. You obtain this value from Order objects returned by the List Orders endpoint"", ""type"": ""string""}}, ""required"": [""location_id"", ""order_id""], ""type"": ""object""}, ""name"": ""retrieveorder""}"
ms-0147,ms,squareup,squareup/obtaintoken,ms:squareup/obtaintoken:s00,llm_claude_eval,Exchange the authorization code for an access token.,"{""description"": ""ObtainToken. Returns an OAuth access token. The endpoint supports distinct methods of obtaining OAuth access tokens. Applications specify a method by adding the `grant_type` parameter in the request and also provide relevant information. __Note:__ Regardless of the method application specified, the endpoint always returns two items; an OAuth access token and a refresh token in the response. __OAut"", ""inputSchema"": {""properties"": {""client_id"": {""description"": ""The Square-issued ID of your application, available from the [developer dashboard](https://developer.squareup.com/apps)."", ""type"": ""string""}, ""client_secret"": {""description"": ""The Square-issued application secret for your application, available from the [developer dashboard](https://developer.squareup.com/apps)."", ""type"": ""string""}, ""code"": {""description"": ""The authorization code to exchange. This is required if `grant_type` is set to `authorization_code`, to indicate that the application wants to exchange an authorization code for an OAuth access token."", ""type"": ""string""}, ""grant_type"": {""description"": ""Specifies the method to request an OAuth access token. Valid values are: `authorization_code`, `refresh_token`, and `migration_token`"", ""type"": ""string""}, ""migration_token"": {""description"": ""Legacy OAuth access token obtained using a Connect API version prior to 2019-03-13. This parameter is required if `grant_type` is set to `migration_token` to indicate that the application wants to get a replacement OAuth access token. The response also returns a refresh token. For more information, see [Migrate to Using Refresh Tokens](https://developer.squareup.com/docs/oauth-api/migrate-to-refre"", ""type"": ""string""}, ""redirect_uri"": {""description"": ""The redirect URL assigned in the [developer dashboard](https://developer.squareup.com/apps)."", ""type"": ""string""}, ""refresh_token"": {""description"": ""A valid refresh token for generating a new OAuth access token. A valid refresh token is required if `grant_type` is set to `refresh_token` , to indicate the application wants a replacement for an expired OAuth access token."", ""type"": ""string""}, ""scopes"": {""description"": ""A JSON list of strings representing the permissions the application is requesting. For example: \""`[\""MERCHANT_PROFILE_READ\"",\""PAYMENTS_READ\"",\""BANK_ACCOUNTS_READ\""]`\"" The access token returned in the response is granted the permissions that comprise the intersection between the requested list of permissions, and those that belong to the provided refresh token."", ""type"": ""array""}}, ""required"": [""client_id"", ""client_secret"", ""grant_type""], ""type"": ""object""}, ""name"": ""obtaintoken""}"
ms-0148,ms,squareup,squareup/obtaintoken,ms:squareup/obtaintoken:s01,llm_claude_eval,Get me a fresh OAuth token using the refresh flow.,"{""description"": ""ObtainToken. Returns an OAuth access token. The endpoint supports distinct methods of obtaining OAuth access tokens. Applications specify a method by adding the `grant_type` parameter in the request and also provide relevant information. __Note:__ Regardless of the method application specified, the endpoint always returns two items; an OAuth access token and a refresh token in the response. __OAut"", ""inputSchema"": {""properties"": {""client_id"": {""description"": ""The Square-issued ID of your application, available from the [developer dashboard](https://developer.squareup.com/apps)."", ""type"": ""string""}, ""client_secret"": {""description"": ""The Square-issued application secret for your application, available from the [developer dashboard](https://developer.squareup.com/apps)."", ""type"": ""string""}, ""code"": {""description"": ""The authorization code to exchange. This is required if `grant_type` is set to `authorization_code`, to indicate that the application wants to exchange an authorization code for an OAuth access token."", ""type"": ""string""}, ""grant_type"": {""description"": ""Specifies the method to request an OAuth access token. Valid values are: `authorization_code`, `refresh_token`, and `migration_token`"", ""type"": ""string""}, ""migration_token"": {""description"": ""Legacy OAuth access token obtained using a Connect API version prior to 2019-03-13. This parameter is required if `grant_type` is set to `migration_token` to indicate that the application wants to get a replacement OAuth access token. The response also returns a refresh token. For more information, see [Migrate to Using Refresh Tokens](https://developer.squareup.com/docs/oauth-api/migrate-to-refre"", ""type"": ""string""}, ""redirect_uri"": {""description"": ""The redirect URL assigned in the [developer dashboard](https://developer.squareup.com/apps)."", ""type"": ""string""}, ""refresh_token"": {""description"": ""A valid refresh token for generating a new OAuth access token. A valid refresh token is required if `grant_type` is set to `refresh_token` , to indicate the application wants a replacement for an expired OAuth access token."", ""type"": ""string""}, ""scopes"": {""description"": ""A JSON list of strings representing the permissions the application is requesting. For example: \""`[\""MERCHANT_PROFILE_READ\"",\""PAYMENTS_READ\"",\""BANK_ACCOUNTS_READ\""]`\"" The access token returned in the response is granted the permissions that comprise the intersection between the requested list of permissions, and those that belong to the provided refresh token."", ""type"": ""array""}}, ""required"": [""client_id"", ""client_secret"", ""grant_type""], ""type"": ""object""}, ""name"": ""obtaintoken""}"
ms-0149,ms,squareup,squareup/obtaintoken,ms:squareup/obtaintoken:s02,llm_claude_eval,Complete the OAuth handshake and return the bearer token.,"{""description"": ""ObtainToken. Returns an OAuth access token. The endpoint supports distinct methods of obtaining OAuth access tokens. Applications specify a method by adding the `grant_type` parameter in the request and also provide relevant information. __Note:__ Regardless of the method application specified, the endpoint always returns two items; an OAuth access token and a refresh token in the response. __OAut"", ""inputSchema"": {""properties"": {""client_id"": {""description"": ""The Square-issued ID of your application, available from the [developer dashboard](https://developer.squareup.com/apps)."", ""type"": ""string""}, ""client_secret"": {""description"": ""The Square-issued application secret for your application, available from the [developer dashboard](https://developer.squareup.com/apps)."", ""type"": ""string""}, ""code"": {""description"": ""The authorization code to exchange. This is required if `grant_type` is set to `authorization_code`, to indicate that the application wants to exchange an authorization code for an OAuth access token."", ""type"": ""string""}, ""grant_type"": {""description"": ""Specifies the method to request an OAuth access token. Valid values are: `authorization_code`, `refresh_token`, and `migration_token`"", ""type"": ""string""}, ""migration_token"": {""description"": ""Legacy OAuth access token obtained using a Connect API version prior to 2019-03-13. This parameter is required if `grant_type` is set to `migration_token` to indicate that the application wants to get a replacement OAuth access token. The response also returns a refresh token. For more information, see [Migrate to Using Refresh Tokens](https://developer.squareup.com/docs/oauth-api/migrate-to-refre"", ""type"": ""string""}, ""redirect_uri"": {""description"": ""The redirect URL assigned in the [developer dashboard](https://developer.squareup.com/apps)."", ""type"": ""string""}, ""refresh_token"": {""description"": ""A valid refresh token for generating a new OAuth access token. A valid refresh token is required if `grant_type` is set to `refresh_token` , to indicate the application wants a replacement for an expired OAuth access token."", ""type"": ""string""}, ""scopes"": {""description"": ""A JSON list of strings representing the permissions the application is requesting. For example: \""`[\""MERCHANT_PROFILE_READ\"",\""PAYMENTS_READ\"",\""BANK_ACCOUNTS_READ\""]`\"" The access token returned in the response is granted the permissions that comprise the intersection between the requested list of permissions, and those that belong to the provided refresh token."", ""type"": ""array""}}, ""required"": [""client_id"", ""client_secret"", ""grant_type""], ""type"": ""object""}, ""name"": ""obtaintoken""}"
ms-0150,ms,stripe,stripe/deleteaccountsaccountbankaccountsid,ms:stripe/deleteaccountsaccountbankaccountsid:s00,llm_claude_eval,Remove the old payout bank account from the connected account.,"{""description"": ""Delete a specified external account for a given account."", ""inputSchema"": {""properties"": {""account"": {""description"": ""The account parameter"", ""type"": ""string""}, ""id"": {""description"": ""The id parameter"", ""type"": ""string""}}, ""required"": [""account"", ""id""], ""type"": ""object""}, ""name"": ""deleteaccountsaccountbankaccountsid""}"
ms-0151,ms,stripe,stripe/deleteaccountsaccountbankaccountsid,ms:stripe/deleteaccountsaccountbankaccountsid:s01,llm_claude_eval,Delete that external bank account from the merchant's profile.,"{""description"": ""Delete a specified external account for a given account."", ""inputSchema"": {""properties"": {""account"": {""description"": ""The account parameter"", ""type"": ""string""}, ""id"": {""description"": ""The id parameter"", ""type"": ""string""}}, ""required"": [""account"", ""id""], ""type"": ""object""}, ""name"": ""deleteaccountsaccountbankaccountsid""}"
ms-0152,ms,stripe,stripe/deleteaccountsaccountbankaccountsid,ms:stripe/deleteaccountsaccountbankaccountsid:s02,llm_claude_eval,Drop the unused bank account ba_1Nx from account acct_77.,"{""description"": ""Delete a specified external account for a given account."", ""inputSchema"": {""properties"": {""account"": {""description"": ""The account parameter"", ""type"": ""string""}, ""id"": {""description"": ""The id parameter"", ""type"": ""string""}}, ""required"": [""account"", ""id""], ""type"": ""object""}, ""name"": ""deleteaccountsaccountbankaccountsid""}"
ms-0153,ms,stripe,stripe/getaccountsaccountexternalaccounts,ms:stripe/getaccountsaccountexternalaccounts:s00,llm_claude_eval,List the payout destinations attached to this connected account.,"{""description"": ""List external accounts for an account."", ""inputSchema"": {""properties"": {""account"": {""description"": ""The account parameter"", ""type"": ""string""}, ""ending_before"": {""description"": ""A cursor for use in pagination. `ending_before` is an object ID that defines your place in the list. For instance, if you make a list request and receive 100 objects, starting with `obj_bar`, your subsequent call can include `ending_before=obj_bar` in order to fetch the previous page of the list."", ""type"": ""string""}, ""expand"": {""description"": ""Specifies which fields in the response should be expanded."", ""type"": ""array""}, ""limit"": {""description"": ""A limit on the number of objects to be returned. Limit can range between 1 and 100, and the default is 10."", ""type"": ""integer""}, ""starting_after"": {""description"": ""A cursor for use in pagination. `starting_after` is an object ID that defines your place in the list. For instance, if you make a list request and receive 100 objects, ending with `obj_foo`, your subsequent call can include `starting_after=obj_foo` in order to fetch the next page of the list."", ""type"": ""string""}}, ""required"": [""account""], ""type"": ""object""}, ""name"": ""getaccountsaccountexternalaccounts""}"
ms-0154,ms,stripe,stripe/getaccountsaccountexternalaccounts,ms:stripe/getaccountsaccountexternalaccounts:s01,llm_claude_eval,Which external bank accounts or cards does the merchant have on file?,"{""description"": ""List external accounts for an account."", ""inputSchema"": {""properties"": {""account"": {""description"": ""The account parameter"", ""type"": ""string""}, ""ending_before"": {""description"": ""A cursor for use in pagination. `ending_before` is an object ID that defines your place in the list. For instance, if you make a list request and receive 100 objects, starting with `obj_bar`, your subsequent call can include `ending_before=obj_bar` in order to fetch the previous page of the list."", ""type"": ""string""}, ""expand"": {""description"": ""Specifies which fields in the response should be expanded."", ""type"": ""array""}, ""limit"": {""description"": ""A limit on the number of objects to be returned. Limit can range between 1 and 100, and the default is 10."", ""type"": ""integer""}, ""starting_after"": {""description"": ""A cursor for use in pagination. `starting_after` is an object ID that defines your place in the list. For instance, if you make a list request and receive 100 objects, ending with `obj_foo`, your subsequent call can include `starting_after=obj_foo` in order to fetch the next page of the list."", ""type"": ""string""}}, ""required"": [""account""], ""type"": ""object""}, ""name"": ""getaccountsaccountexternalaccounts""}"
ms-0155,ms,stripe,stripe/getaccountsaccountexternalaccounts,ms:stripe/getaccountsaccountexternalaccounts:s02,llm_claude_eval,Show all external accounts for acct_4Qz.,"{""description"": ""List external accounts for an account."", ""inputSchema"": {""properties"": {""account"": {""description"": ""The account parameter"", ""type"": ""string""}, ""ending_before"": {""description"": ""A cursor for use in pagination. `ending_before` is an object ID that defines your place in the list. For instance, if you make a list request and receive 100 objects, starting with `obj_bar`, your subsequent call can include `ending_before=obj_bar` in order to fetch the previous page of the list."", ""type"": ""string""}, ""expand"": {""description"": ""Specifies which fields in the response should be expanded."", ""type"": ""array""}, ""limit"": {""description"": ""A limit on the number of objects to be returned. Limit can range between 1 and 100, and the default is 10."", ""type"": ""integer""}, ""starting_after"": {""description"": ""A cursor for use in pagination. `starting_after` is an object ID that defines your place in the list. For instance, if you make a list request and receive 100 objects, ending with `obj_foo`, your subsequent call can include `starting_after=obj_foo` in order to fetch the next page of the list."", ""type"": ""string""}}, ""required"": [""account""], ""type"": ""object""}, ""name"": ""getaccountsaccountexternalaccounts""}"
ms-0156,ms,stripe,stripe/deleteaccountsaccountpersonsperson,ms:stripe/deleteaccountsaccountpersonsperson:s00,llm_claude_eval,Remove the former director from the account's legal entity.,"{""description"": ""Deletes an existing person\u2019s relationship to the account\u2019s legal entity. Any person with a relationship for an account can be deleted through the API, except if the person is the account_opener . If your integration is using the executive parameter, you cannot delete the only verified executive on file."", ""inputSchema"": {""properties"": {""account"": {""description"": ""The account parameter"", ""type"": ""string""}, ""person"": {""description"": ""The person parameter"", ""type"": ""string""}}, ""required"": [""account"", ""person""], ""type"": ""object""}, ""name"": ""deleteaccountsaccountpersonsperson""}"
ms-0157,ms,stripe,stripe/deleteaccountsaccountpersonsperson,ms:stripe/deleteaccountsaccountpersonsperson:s01,llm_claude_eval,Delete that person's association with the connected account.,"{""description"": ""Deletes an existing person\u2019s relationship to the account\u2019s legal entity. Any person with a relationship for an account can be deleted through the API, except if the person is the account_opener . If your integration is using the executive parameter, you cannot delete the only verified executive on file."", ""inputSchema"": {""properties"": {""account"": {""description"": ""The account parameter"", ""type"": ""string""}, ""person"": {""description"": ""The person parameter"", ""type"": ""string""}}, ""required"": [""account"", ""person""], ""type"": ""object""}, ""name"": ""deleteaccountsaccountpersonsperson""}"
ms-0158,ms,stripe,stripe/deleteaccountsaccountpersonsperson,ms:stripe/deleteaccountsaccountpersonsperson:s02,llm_claude_eval,The co-owner left the company - detach their person record.,"{""description"": ""Deletes an existing person\u2019s relationship to the account\u2019s legal entity. Any person with a relationship for an account can be deleted through the API, except if the person is the account_opener . If your integration is using the executive parameter, you cannot delete the only verified executive on file."", ""inputSchema"": {""properties"": {""account"": {""description"": ""The account parameter"", ""type"": ""string""}, ""person"": {""description"": ""The person parameter"", ""type"": ""string""}}, ""required"": [""account"", ""person""], ""type"": ""object""}, ""name"": ""deleteaccountsaccountpersonsperson""}"
ms-0159,ms,twilio,twilio/updatecallrecording,ms:twilio/updatecallrecording:s00,llm_claude_eval,Pause the recording of the ongoing support call.,"{""description"": ""Changes the status of the recording to paused, stopped, or in-progress. Note: Pass `Twilio.CURRENT` instead of recording sid to reference current active recording."", ""inputSchema"": {""properties"": {""AccountSid"": {""description"": ""The SID of the [Account](https://www.twilio.com/docs/iam/api/account) that created the Recording resource to update."", ""type"": ""string""}, ""CallSid"": {""description"": ""The [Call](https://www.twilio.com/docs/voice/api/call-resource) SID of the resource to update."", ""type"": ""string""}, ""PauseBehavior"": {""description"": ""Whether to record during a pause. Can be: `skip` or `silence` and the default is `silence`. `skip` does not record during the pause period, while `silence` will replace the actual audio of the call with silence during the pause period. This parameter only applies when setting `status` is set to `paused`."", ""type"": ""string""}, ""Sid"": {""description"": ""The Twilio-provided string that uniquely identifies the Recording resource to update."", ""type"": ""string""}, ""Status"": {""description"": ""The new status of the recording. Can be: `stopped`, `paused`, `in-progress`."", ""type"": ""string""}}, ""required"": [""AccountSid"", ""CallSid"", ""Sid"", ""Status""], ""type"": ""object""}, ""name"": ""updatecallrecording""}"
ms-0160,ms,twilio,twilio/updatecallrecording,ms:twilio/updatecallrecording:s01,llm_claude_eval,Stop recording the current call immediately.,"{""description"": ""Changes the status of the recording to paused, stopped, or in-progress. Note: Pass `Twilio.CURRENT` instead of recording sid to reference current active recording."", ""inputSchema"": {""properties"": {""AccountSid"": {""description"": ""The SID of the [Account](https://www.twilio.com/docs/iam/api/account) that created the Recording resource to update."", ""type"": ""string""}, ""CallSid"": {""description"": ""The [Call](https://www.twilio.com/docs/voice/api/call-resource) SID of the resource to update."", ""type"": ""string""}, ""PauseBehavior"": {""description"": ""Whether to record during a pause. Can be: `skip` or `silence` and the default is `silence`. `skip` does not record during the pause period, while `silence` will replace the actual audio of the call with silence during the pause period. This parameter only applies when setting `status` is set to `paused`."", ""type"": ""string""}, ""Sid"": {""description"": ""The Twilio-provided string that uniquely identifies the Recording resource to update."", ""type"": ""string""}, ""Status"": {""description"": ""The new status of the recording. Can be: `stopped`, `paused`, `in-progress`."", ""type"": ""string""}}, ""required"": [""AccountSid"", ""CallSid"", ""Sid"", ""Status""], ""type"": ""object""}, ""name"": ""updatecallrecording""}"
ms-0161,ms,twilio,twilio/updatecallrecording,ms:twilio/updatecallrecording:s02,llm_claude_eval,Resume the paused recording on that active call.,"{""description"": ""Changes the status of the recording to paused, stopped, or in-progress. Note: Pass `Twilio.CURRENT` instead of recording sid to reference current active recording."", ""inputSchema"": {""properties"": {""AccountSid"": {""description"": ""The SID of the [Account](https://www.twilio.com/docs/iam/api/account) that created the Recording resource to update."", ""type"": ""string""}, ""CallSid"": {""description"": ""The [Call](https://www.twilio.com/docs/voice/api/call-resource) SID of the resource to update."", ""type"": ""string""}, ""PauseBehavior"": {""description"": ""Whether to record during a pause. Can be: `skip` or `silence` and the default is `silence`. `skip` does not record during the pause period, while `silence` will replace the actual audio of the call with silence during the pause period. This parameter only applies when setting `status` is set to `paused`."", ""type"": ""string""}, ""Sid"": {""description"": ""The Twilio-provided string that uniquely identifies the Recording resource to update."", ""type"": ""string""}, ""Status"": {""description"": ""The new status of the recording. Can be: `stopped`, `paused`, `in-progress`."", ""type"": ""string""}}, ""required"": [""AccountSid"", ""CallSid"", ""Sid"", ""Status""], ""type"": ""object""}, ""name"": ""updatecallrecording""}"
ms-0162,ms,twilio,twilio/fetchcallrecording,ms:twilio/fetchcallrecording:s00,llm_claude_eval,Get the recording from yesterday's customer call.,"{""description"": ""Fetch an instance of a recording for a call"", ""inputSchema"": {""properties"": {""AccountSid"": {""description"": ""The SID of the [Account](https://www.twilio.com/docs/iam/api/account) that created the Recording resource to fetch."", ""type"": ""string""}, ""CallSid"": {""description"": ""The [Call](https://www.twilio.com/docs/voice/api/call-resource) SID of the resource to fetch."", ""type"": ""string""}, ""Sid"": {""description"": ""The Twilio-provided string that uniquely identifies the Recording resource to fetch."", ""type"": ""string""}}, ""required"": [""AccountSid"", ""CallSid"", ""Sid""], ""type"": ""object""}, ""name"": ""fetchcallrecording""}"
ms-0163,ms,twilio,twilio/fetchcallrecording,ms:twilio/fetchcallrecording:s01,llm_claude_eval,Retrieve that one call recording by its id.,"{""description"": ""Fetch an instance of a recording for a call"", ""inputSchema"": {""properties"": {""AccountSid"": {""description"": ""The SID of the [Account](https://www.twilio.com/docs/iam/api/account) that created the Recording resource to fetch."", ""type"": ""string""}, ""CallSid"": {""description"": ""The [Call](https://www.twilio.com/docs/voice/api/call-resource) SID of the resource to fetch."", ""type"": ""string""}, ""Sid"": {""description"": ""The Twilio-provided string that uniquely identifies the Recording resource to fetch."", ""type"": ""string""}}, ""required"": [""AccountSid"", ""CallSid"", ""Sid""], ""type"": ""object""}, ""name"": ""fetchcallrecording""}"
ms-0164,ms,twilio,twilio/fetchcallrecording,ms:twilio/fetchcallrecording:s02,llm_claude_eval,Pull the audio recording attached to call CA9981.,"{""description"": ""Fetch an instance of a recording for a call"", ""inputSchema"": {""properties"": {""AccountSid"": {""description"": ""The SID of the [Account](https://www.twilio.com/docs/iam/api/account) that created the Recording resource to fetch."", ""type"": ""string""}, ""CallSid"": {""description"": ""The [Call](https://www.twilio.com/docs/voice/api/call-resource) SID of the resource to fetch."", ""type"": ""string""}, ""Sid"": {""description"": ""The Twilio-provided string that uniquely identifies the Recording resource to fetch."", ""type"": ""string""}}, ""required"": [""AccountSid"", ""CallSid"", ""Sid""], ""type"": ""object""}, ""name"": ""fetchcallrecording""}"
ms-0165,ms,twilio,twilio/listcallevent,ms:twilio/listcallevent:s00,llm_claude_eval,Show the event timeline for that phone call.,"{""description"": ""Retrieve a list of all events for a call."", ""inputSchema"": {""properties"": {""AccountSid"": {""description"": ""The unique SID identifier of the Account."", ""type"": ""string""}, ""CallSid"": {""description"": ""The unique SID identifier of the Call."", ""type"": ""string""}, ""Page"": {""description"": ""The page index. This value is simply for client state."", ""type"": ""integer""}, ""PageSize"": {""description"": ""How many resources to return in each list page. The default is 50, and the maximum is 1000."", ""type"": ""integer""}, ""PageToken"": {""description"": ""The page token. This is provided by the API."", ""type"": ""string""}}, ""required"": [""AccountSid"", ""CallSid""], ""type"": ""object""}, ""name"": ""listcallevent""}"
ms-0166,ms,twilio,twilio/listcallevent,ms:twilio/listcallevent:s01,llm_claude_eval,List everything that happened during call CA1234.,"{""description"": ""Retrieve a list of all events for a call."", ""inputSchema"": {""properties"": {""AccountSid"": {""description"": ""The unique SID identifier of the Account."", ""type"": ""string""}, ""CallSid"": {""description"": ""The unique SID identifier of the Call."", ""type"": ""string""}, ""Page"": {""description"": ""The page index. This value is simply for client state."", ""type"": ""integer""}, ""PageSize"": {""description"": ""How many resources to return in each list page. The default is 50, and the maximum is 1000."", ""type"": ""integer""}, ""PageToken"": {""description"": ""The page token. This is provided by the API."", ""type"": ""string""}}, ""required"": [""AccountSid"", ""CallSid""], ""type"": ""object""}, ""name"": ""listcallevent""}"
ms-0167,ms,twilio,twilio/listcallevent,ms:twilio/listcallevent:s02,llm_claude_eval,Pull the per-call event log so I can debug the dropped audio.,"{""description"": ""Retrieve a list of all events for a call."", ""inputSchema"": {""properties"": {""AccountSid"": {""description"": ""The unique SID identifier of the Account."", ""type"": ""string""}, ""CallSid"": {""description"": ""The unique SID identifier of the Call."", ""type"": ""string""}, ""Page"": {""description"": ""The page index. This value is simply for client state."", ""type"": ""integer""}, ""PageSize"": {""description"": ""How many resources to return in each list page. The default is 50, and the maximum is 1000."", ""type"": ""integer""}, ""PageToken"": {""description"": ""The page token. This is provided by the API."", ""type"": ""string""}}, ""required"": [""AccountSid"", ""CallSid""], ""type"": ""object""}, ""name"": ""listcallevent""}"
ms-0168,ms,twitter,twitter/findspacesbycreatorids,ms:twitter/findspacesbycreatorids:s00,llm_claude_eval,Which audio Spaces have these two accounts hosted?,"{""description"": ""Space lookup by their creators. Returns a variety of information about the Spaces created by the provided User IDs"", ""inputSchema"": {""properties"": {""user_ids"": {""description"": ""The IDs of Users to search through."", ""type"": ""array""}}, ""required"": [""user_ids""], ""type"": ""object""}, ""name"": ""findspacesbycreatorids""}"
ms-0169,ms,twitter,twitter/findspacesbycreatorids,ms:twitter/findspacesbycreatorids:s01,llm_claude_eval,Find the live rooms created by user 783214.,"{""description"": ""Space lookup by their creators. Returns a variety of information about the Spaces created by the provided User IDs"", ""inputSchema"": {""properties"": {""user_ids"": {""description"": ""The IDs of Users to search through."", ""type"": ""array""}}, ""required"": [""user_ids""], ""type"": ""object""}, ""name"": ""findspacesbycreatorids""}"
ms-0170,ms,twitter,twitter/findspacesbycreatorids,ms:twitter/findspacesbycreatorids:s02,llm_claude_eval,Look up Spaces by their creators' user ids.,"{""description"": ""Space lookup by their creators. Returns a variety of information about the Spaces created by the provided User IDs"", ""inputSchema"": {""properties"": {""user_ids"": {""description"": ""The IDs of Users to search through."", ""type"": ""array""}}, ""required"": [""user_ids""], ""type"": ""object""}, ""name"": ""findspacesbycreatorids""}"
ms-0171,ms,twitter,twitter/listidcreate,ms:twitter/listidcreate:s00,llm_claude_eval,Make a new list called 'AI researchers'.,"{""description"": ""Create List. Creates a new List."", ""inputSchema"": {""properties"": {""description"": {""description"": ""The description field"", ""type"": ""string""}, ""name"": {""description"": ""The name field"", ""type"": ""string""}, ""private"": {""description"": ""The private field"", ""type"": ""boolean""}}, ""required"": [""name""], ""type"": ""object""}, ""name"": ""listidcreate""}"
ms-0172,ms,twitter,twitter/listidcreate,ms:twitter/listidcreate:s01,llm_claude_eval,Create a private list for industry news accounts.,"{""description"": ""Create List. Creates a new List."", ""inputSchema"": {""properties"": {""description"": {""description"": ""The description field"", ""type"": ""string""}, ""name"": {""description"": ""The name field"", ""type"": ""string""}, ""private"": {""description"": ""The private field"", ""type"": ""boolean""}}, ""required"": [""name""], ""type"": ""object""}, ""name"": ""listidcreate""}"
ms-0173,ms,twitter,twitter/listidcreate,ms:twitter/listidcreate:s02,llm_claude_eval,Set up a fresh list so I can group the design community.,"{""description"": ""Create List. Creates a new List."", ""inputSchema"": {""properties"": {""description"": {""description"": ""The description field"", ""type"": ""string""}, ""name"": {""description"": ""The name field"", ""type"": ""string""}, ""private"": {""description"": ""The private field"", ""type"": ""boolean""}}, ""required"": [""name""], ""type"": ""object""}, ""name"": ""listidcreate""}"
ms-0174,ms,twitter,twitter/listsidtweets,ms:twitter/listsidtweets:s00,llm_claude_eval,Show the latest posts from my 'AI researchers' list.,"{""description"": ""List Tweets timeline by List ID.. Returns a list of Tweets associated with the provided List ID."", ""inputSchema"": {""properties"": {""id"": {""description"": ""The ID of the List."", ""type"": ""string""}, ""max_results"": {""description"": ""The maximum number of results."", ""type"": ""integer""}, ""pagination_token"": {""description"": ""This parameter is used to get the next 'page' of results."", ""type"": ""string""}}, ""required"": [""id""], ""type"": ""object""}, ""name"": ""listsidtweets""}"
ms-0175,ms,twitter,twitter/listsidtweets,ms:twitter/listsidtweets:s01,llm_claude_eval,What tweets are in the timeline of list 8842?,"{""description"": ""List Tweets timeline by List ID.. Returns a list of Tweets associated with the provided List ID."", ""inputSchema"": {""properties"": {""id"": {""description"": ""The ID of the List."", ""type"": ""string""}, ""max_results"": {""description"": ""The maximum number of results."", ""type"": ""integer""}, ""pagination_token"": {""description"": ""This parameter is used to get the next 'page' of results."", ""type"": ""string""}}, ""required"": [""id""], ""type"": ""object""}, ""name"": ""listsidtweets""}"
ms-0176,ms,twitter,twitter/listsidtweets,ms:twitter/listsidtweets:s02,llm_claude_eval,Fetch the recent tweets belonging to that list.,"{""description"": ""List Tweets timeline by List ID.. Returns a list of Tweets associated with the provided List ID."", ""inputSchema"": {""properties"": {""id"": {""description"": ""The ID of the List."", ""type"": ""string""}, ""max_results"": {""description"": ""The maximum number of results."", ""type"": ""integer""}, ""pagination_token"": {""description"": ""This parameter is used to get the next 'page' of results."", ""type"": ""string""}}, ""required"": [""id""], ""type"": ""object""}, ""name"": ""listsidtweets""}"
ms-0177,ms,vercel,vercel/deleteedgeconfigtokens,ms:vercel/deleteedgeconfigtokens:s00,llm_claude_eval,Revoke the two read tokens on our edge config store.,"{""description"": ""Delete one or more Edge Config tokens. Deletes one or more tokens of an existing Edge Config."", ""inputSchema"": {""properties"": {""edgeConfigId"": {""description"": ""The edgeConfigId parameter"", ""type"": ""string""}, ""teamId"": {""description"": ""The Team identifier or slug to perform the request on behalf of."", ""type"": ""string""}, ""tokens"": {""description"": ""The tokens field"", ""type"": ""array""}}, ""required"": [""edgeConfigId"", ""tokens""], ""type"": ""object""}, ""name"": ""deleteedgeconfigtokens""}"
ms-0178,ms,vercel,vercel/deleteedgeconfigtokens,ms:vercel/deleteedgeconfigtokens:s01,llm_claude_eval,"Delete those edge config access tokens, they were shared too widely.","{""description"": ""Delete one or more Edge Config tokens. Deletes one or more tokens of an existing Edge Config."", ""inputSchema"": {""properties"": {""edgeConfigId"": {""description"": ""The edgeConfigId parameter"", ""type"": ""string""}, ""teamId"": {""description"": ""The Team identifier or slug to perform the request on behalf of."", ""type"": ""string""}, ""tokens"": {""description"": ""The tokens field"", ""type"": ""array""}}, ""required"": [""edgeConfigId"", ""tokens""], ""type"": ""object""}, ""name"": ""deleteedgeconfigtokens""}"
ms-0179,ms,vercel,vercel/deleteedgeconfigtokens,ms:vercel/deleteedgeconfigtokens:s02,llm_claude_eval,Remove the stale tokens from the edge configuration.,"{""description"": ""Delete one or more Edge Config tokens. Deletes one or more tokens of an existing Edge Config."", ""inputSchema"": {""properties"": {""edgeConfigId"": {""description"": ""The edgeConfigId parameter"", ""type"": ""string""}, ""teamId"": {""description"": ""The Team identifier or slug to perform the request on behalf of."", ""type"": ""string""}, ""tokens"": {""description"": ""The tokens field"", ""type"": ""array""}}, ""required"": [""edgeConfigId"", ""tokens""], ""type"": ""object""}, ""name"": ""deleteedgeconfigtokens""}"
ms-0180,ms,vercel,vercel/createedgeconfig,ms:vercel/createedgeconfig:s00,llm_claude_eval,Create a new edge config store for feature settings.,"{""description"": ""Create an Edge Config. Creates an Edge Config."", ""inputSchema"": {""properties"": {""items"": {""description"": ""The items field"", ""type"": ""object""}, ""slug"": {""description"": ""The slug field"", ""type"": ""string""}, ""teamId"": {""description"": ""The Team identifier or slug to perform the request on behalf of."", ""type"": ""string""}}, ""required"": [""slug""], ""type"": ""object""}, ""name"": ""createedgeconfig""}"
ms-0181,ms,vercel,vercel/createedgeconfig,ms:vercel/createedgeconfig:s01,llm_claude_eval,Set up an edge configuration named 'pricing-flags'.,"{""description"": ""Create an Edge Config. Creates an Edge Config."", ""inputSchema"": {""properties"": {""items"": {""description"": ""The items field"", ""type"": ""object""}, ""slug"": {""description"": ""The slug field"", ""type"": ""string""}, ""teamId"": {""description"": ""The Team identifier or slug to perform the request on behalf of."", ""type"": ""string""}}, ""required"": [""slug""], ""type"": ""object""}, ""name"": ""createedgeconfig""}"
ms-0182,ms,vercel,vercel/createedgeconfig,ms:vercel/createedgeconfig:s02,llm_claude_eval,I want a fresh edge config under our team scope.,"{""description"": ""Create an Edge Config. Creates an Edge Config."", ""inputSchema"": {""properties"": {""items"": {""description"": ""The items field"", ""type"": ""object""}, ""slug"": {""description"": ""The slug field"", ""type"": ""string""}, ""teamId"": {""description"": ""The Team identifier or slug to perform the request on behalf of."", ""type"": ""string""}}, ""required"": [""slug""], ""type"": ""object""}, ""name"": ""createedgeconfig""}"
ms-0183,ms,vercel,vercel/deleteconfiguration,ms:vercel/deleteconfiguration:s00,llm_claude_eval,Uninstall the Slack integration configuration from the account.,"{""description"": ""Delete an integration configuration. Allows to remove the configuration with the `id` provided in the parameters. The configuration and all of its resources will be removed. This includes Webhooks, LogDrains and Project Env variables."", ""inputSchema"": {""properties"": {""id"": {""description"": ""The id parameter"", ""type"": ""string""}, ""teamId"": {""description"": ""The Team identifier or slug to perform the request on behalf of."", ""type"": ""string""}}, ""required"": [""id""], ""type"": ""object""}, ""name"": ""deleteconfiguration""}"
ms-0184,ms,vercel,vercel/deleteconfiguration,ms:vercel/deleteconfiguration:s01,llm_claude_eval,Remove that integration's configuration by its id.,"{""description"": ""Delete an integration configuration. Allows to remove the configuration with the `id` provided in the parameters. The configuration and all of its resources will be removed. This includes Webhooks, LogDrains and Project Env variables."", ""inputSchema"": {""properties"": {""id"": {""description"": ""The id parameter"", ""type"": ""string""}, ""teamId"": {""description"": ""The Team identifier or slug to perform the request on behalf of."", ""type"": ""string""}}, ""required"": [""id""], ""type"": ""object""}, ""name"": ""deleteconfiguration""}"
ms-0185,ms,vercel,vercel/deleteconfiguration,ms:vercel/deleteconfiguration:s02,llm_claude_eval,Delete the marketplace integration setup we no longer use.,"{""description"": ""Delete an integration configuration. Allows to remove the configuration with the `id` provided in the parameters. The configuration and all of its resources will be removed. This includes Webhooks, LogDrains and Project Env variables."", ""inputSchema"": {""properties"": {""id"": {""description"": ""The id parameter"", ""type"": ""string""}, ""teamId"": {""description"": ""The Team identifier or slug to perform the request on behalf of."", ""type"": ""string""}}, ""required"": [""id""], ""type"": ""object""}, ""name"": ""deleteconfiguration""}"
ms-0186,ms,zoom,zoom/account,ms:zoom/account:s00,llm_claude_eval,Show the settings and details of sub account 5512.,"{""description"": ""Get sub account details. Get details of a sub account that is listed under a master account. Your account must be a master account in order to retrieve sub accounts' details. Zoom allows only [approved partners](https://marketplace.zoom.us/docs/api-reference/master-account-apis) to use master APIs and create sub accounts. Email the partner programs team at **partner-success@zoom.us** for more deta"", ""inputSchema"": {""properties"": {""accountId"": {""description"": ""The account ID."", ""type"": ""string""}}, ""required"": [""accountId""], ""type"": ""object""}, ""name"": ""account""}"
ms-0187,ms,zoom,zoom/account,ms:zoom/account:s01,llm_claude_eval,Get the profile of that sub account under our master org.,"{""description"": ""Get sub account details. Get details of a sub account that is listed under a master account. Your account must be a master account in order to retrieve sub accounts' details. Zoom allows only [approved partners](https://marketplace.zoom.us/docs/api-reference/master-account-apis) to use master APIs and create sub accounts. Email the partner programs team at **partner-success@zoom.us** for more deta"", ""inputSchema"": {""properties"": {""accountId"": {""description"": ""The account ID."", ""type"": ""string""}}, ""required"": [""accountId""], ""type"": ""object""}, ""name"": ""account""}"
ms-0188,ms,zoom,zoom/account,ms:zoom/account:s02,llm_claude_eval,Pull the record for one of our managed sub accounts.,"{""description"": ""Get sub account details. Get details of a sub account that is listed under a master account. Your account must be a master account in order to retrieve sub accounts' details. Zoom allows only [approved partners](https://marketplace.zoom.us/docs/api-reference/master-account-apis) to use master APIs and create sub accounts. Email the partner programs team at **partner-success@zoom.us** for more deta"", ""inputSchema"": {""properties"": {""accountId"": {""description"": ""The account ID."", ""type"": ""string""}}, ""required"": [""accountId""], ""type"": ""object""}, ""name"": ""account""}"
ms-0189,ms,zoom,zoom/accountdisassociate,ms:zoom/accountdisassociate:s00,llm_claude_eval,Detach the acquired company's sub account from our master account.,"{""description"": ""Disassociate a sub account. Disassociate a sub account from its master account. This will leave the sub account intact but it will no longer be associated with the master account. **Prerequisites:** * Pro or a higher paid account with master account option enabled. * The account making this API request must be a [master account](https://marketplace.zoom.us/docs/api-reference/master-account-apis). "", ""inputSchema"": {""properties"": {""accountId"": {""description"": ""The account ID."", ""type"": ""string""}}, ""required"": [""accountId""], ""type"": ""object""}, ""name"": ""accountdisassociate""}"
ms-0190,ms,zoom,zoom/accountdisassociate,ms:zoom/accountdisassociate:s01,llm_claude_eval,Disassociate sub account 7781 so it becomes standalone.,"{""description"": ""Disassociate a sub account. Disassociate a sub account from its master account. This will leave the sub account intact but it will no longer be associated with the master account. **Prerequisites:** * Pro or a higher paid account with master account option enabled. * The account making this API request must be a [master account](https://marketplace.zoom.us/docs/api-reference/master-account-apis). "", ""inputSchema"": {""properties"": {""accountId"": {""description"": ""The account ID."", ""type"": ""string""}}, ""required"": [""accountId""], ""type"": ""object""}, ""name"": ""accountdisassociate""}"
ms-0191,ms,zoom,zoom/accountdisassociate,ms:zoom/accountdisassociate:s02,llm_claude_eval,Cut the link between the master org and that sub account.,"{""description"": ""Disassociate a sub account. Disassociate a sub account from its master account. This will leave the sub account intact but it will no longer be associated with the master account. **Prerequisites:** * Pro or a higher paid account with master account option enabled. * The account making this API request must be a [master account](https://marketplace.zoom.us/docs/api-reference/master-account-apis). "", ""inputSchema"": {""properties"": {""accountId"": {""description"": ""The account ID."", ""type"": ""string""}}, ""required"": [""accountId""], ""type"": ""object""}, ""name"": ""accountdisassociate""}"
ms-0192,ms,zoom,zoom/accounts,ms:zoom/accounts:s00,llm_claude_eval,List every sub account under our master organization.,"{""description"": ""List sub accounts. List all the sub accounts that have been created by a master account. Zoom allows only [approved partners](https://marketplace.zoom.us/docs/api-reference/master-account-apis) to use master APIs and manage sub accounts. Email the partner programs team at **partner-success@zoom.us** for more details. **Prerequisites:** * Pro or a higher paid account with master account option enab"", ""inputSchema"": {""properties"": {""next_page_token"": {""description"": ""The next page token is used to paginate through large result sets. A next page token will be returned whenever the set of available results exceeds the current page size. The expiration period for this token is 15 minutes."", ""type"": ""string""}, ""page_number"": {""description"": ""**Deprecated** - This field has been deprecated and we will stop supporting it completely in a future release. Please use \""next_page_token\"" for pagination instead of this field. The page number of the current page in the returned records."", ""type"": ""integer""}, ""page_size"": {""description"": ""The number of records returned within a single API call."", ""type"": ""integer""}}, ""required"": [], ""type"": ""object""}, ""name"": ""accounts""}"
ms-0193,ms,zoom,zoom/accounts,ms:zoom/accounts:s01,llm_claude_eval,Which managed sub accounts exist on this enterprise account?,"{""description"": ""List sub accounts. List all the sub accounts that have been created by a master account. Zoom allows only [approved partners](https://marketplace.zoom.us/docs/api-reference/master-account-apis) to use master APIs and manage sub accounts. Email the partner programs team at **partner-success@zoom.us** for more details. **Prerequisites:** * Pro or a higher paid account with master account option enab"", ""inputSchema"": {""properties"": {""next_page_token"": {""description"": ""The next page token is used to paginate through large result sets. A next page token will be returned whenever the set of available results exceeds the current page size. The expiration period for this token is 15 minutes."", ""type"": ""string""}, ""page_number"": {""description"": ""**Deprecated** - This field has been deprecated and we will stop supporting it completely in a future release. Please use \""next_page_token\"" for pagination instead of this field. The page number of the current page in the returned records."", ""type"": ""integer""}, ""page_size"": {""description"": ""The number of records returned within a single API call."", ""type"": ""integer""}}, ""required"": [], ""type"": ""object""}, ""name"": ""accounts""}"
ms-0194,ms,zoom,zoom/accounts,ms:zoom/accounts:s02,llm_claude_eval,Show all the sub accounts we've created.,"{""description"": ""List sub accounts. List all the sub accounts that have been created by a master account. Zoom allows only [approved partners](https://marketplace.zoom.us/docs/api-reference/master-account-apis) to use master APIs and manage sub accounts. Email the partner programs team at **partner-success@zoom.us** for more details. **Prerequisites:** * Pro or a higher paid account with master account option enab"", ""inputSchema"": {""properties"": {""next_page_token"": {""description"": ""The next page token is used to paginate through large result sets. A next page token will be returned whenever the set of available results exceeds the current page size. The expiration period for this token is 15 minutes."", ""type"": ""string""}, ""page_number"": {""description"": ""**Deprecated** - This field has been deprecated and we will stop supporting it completely in a future release. Please use \""next_page_token\"" for pagination instead of this field. The page number of the current page in the returned records."", ""type"": ""integer""}, ""page_size"": {""description"": ""The number of records returned within a single API call."", ""type"": ""integer""}}, ""required"": [], ""type"": ""object""}, ""name"": ""accounts""}"
